[2026-03-01 11:16:14]: Starting build for depot 4428043, content path is "/tmp/quadrix_nfc_upload_54296/", build flags 0x0
[2026-03-01 11:16:14]: Building file listing for depot 4428043 ...
[2026-03-01 11:16:14]: Found 626 files for mapping: /tmp/quadrix_nfc_upload_54296/Quadrix.app * -> Quadrix.app/
[2026-03-01 11:16:14]: Found 626 files (328 MB) for depot 4428043
[2026-03-01 11:16:16]: Building depot 4428043, baseline manifest 5974246583067360995 (4369 files)
[2026-03-01 11:16:16]: Found 648 new chunks ( 4279 used previously ) for depot 4428043, took 0 minutes, 0 seconds
[2026-03-01 11:16:16]: Changes to baseline manifest 5974246583067360995 :
[2026-03-01 11:16:16]: Added  : "Quadrix.app\Contents\Frameworks\libavif.16.3.0.dylib" 0 KB ,Flags: 512
[2026-03-01 11:16:16]: Added  : "Quadrix.app\Contents\Frameworks\libbrotlicommon.1.1.0.dylib" 0 KB ,Flags: 512
[2026-03-01 11:16:16]: Added  : "Quadrix.app\Contents\Frameworks\libbrotlidec.1.1.0.dylib" 0 KB ,Flags: 512
[2026-03-01 11:16:16]: Added  : "Quadrix.app\Contents\Frameworks\libFLAC.14.0.0.dylib" 0 KB ,Flags: 512
[2026-03-01 11:16:16]: Added  : "Quadrix.app\Contents\Frameworks\libfluidsynth.3.3.7.dylib" 0 KB ,Flags: 512
[2026-03-01 11:16:16]: Added  : "Quadrix.app\Contents\Frameworks\libharfbuzz.0.dylib" 0 KB ,Flags: 512
[2026-03-01 11:16:16]: Added  : "Quadrix.app\Contents\Frameworks\libjpeg.62.4.0.dylib" 0 KB ,Flags: 512
[2026-03-01 11:16:16]: Added  : "Quadrix.app\Contents\Frameworks\liblcms2.2.dylib" 0 KB ,Flags: 512
[2026-03-01 11:16:16]: Changed: "Quadrix.app\Contents\Frameworks\liblzma.5.dylib" 0 KB size, 0 KB changed ,Flags: 512
[2026-03-01 11:16:16]: Added  : "Quadrix.app\Contents\Frameworks\libogg.0.8.6.dylib" 0 KB ,Flags: 512
[2026-03-01 11:16:16]: Added  : "Quadrix.app\Contents\Frameworks\libopenjp2.2.5.4.dylib" 0 KB ,Flags: 512
[2026-03-01 11:16:16]: Added  : "Quadrix.app\Contents\Frameworks\libSDL2_image-2.0.0.800.8.dylib" 0 KB ,Flags: 512
[2026-03-01 11:16:16]: Added  : "Quadrix.app\Contents\Frameworks\libSDL2_mixer-2.0.0.800.1.dylib" 0 KB ,Flags: 512
[2026-03-01 11:16:16]: Added  : "Quadrix.app\Contents\Frameworks\libSDL2_ttf-2.0.0.2400.0.dylib" 0 KB ,Flags: 512
[2026-03-01 11:16:16]: Added  : "Quadrix.app\Contents\Frameworks\libsndfile.1.0.37.dylib" 0 KB ,Flags: 512
[2026-03-01 11:16:16]: Added  : "Quadrix.app\Contents\Frameworks\libtiff.6.1.0.dylib" 0 KB ,Flags: 512
[2026-03-01 11:16:16]: Added  : "Quadrix.app\Contents\Frameworks\libtiff.6.dylib" 0 KB ,Flags: 512
[2026-03-01 11:16:16]: Added  : "Quadrix.app\Contents\Frameworks\libwavpack.1.dylib" 0 KB ,Flags: 512
[2026-03-01 11:16:16]: Added  : "Quadrix.app\Contents\Frameworks\libwebpdemux.2.dylib" 0 KB ,Flags: 512
[2026-03-01 11:16:16]: Added  : "Quadrix.app\Contents\Frameworks\libwebpmux.3.dylib" 0 KB ,Flags: 512
[2026-03-01 11:16:16]: Added  : "Quadrix.app\Contents\Frameworks\libXau.6.dylib" 0 KB ,Flags: 512
[2026-03-01 11:16:16]: Added  : "Quadrix.app\Contents\Frameworks\libxcb.1.1.0.dylib" 0 KB ,Flags: 512
[2026-03-01 11:16:16]: Added  : "Quadrix.app\Contents\Frameworks\libxmp.4.6.3.dylib" 0 KB ,Flags: 512
[2026-03-01 11:16:16]: Added  : "Quadrix.app\Contents\Frameworks\libz.1.3.1.zlib-ng.dylib" 0 KB ,Flags: 512
[2026-03-01 11:16:16]: Added  : "Quadrix.app\Contents\Frameworks\PIL" 0 KB ,Flags: 64
[2026-03-01 11:16:16]: Added  : "Quadrix.app\Contents\Frameworks\PIL\.dylibs" 0 KB ,Flags: 512
[2026-03-01 11:16:16]: Added  : "Quadrix.app\Contents\Frameworks\PIL\_avif.cpython-312-darwin.so" 71 KB 
[2026-03-01 11:16:16]: Added  : "Quadrix.app\Contents\Frameworks\PIL\_imaging.cpython-312-darwin.so" 486 KB 
[2026-03-01 11:16:16]: Added  : "Quadrix.app\Contents\Frameworks\PIL\_imagingcms.cpython-312-darwin.so" 92 KB 
[2026-03-01 11:16:16]: Added  : "Quadrix.app\Contents\Frameworks\PIL\_imagingmath.cpython-312-darwin.so" 69 KB 
[2026-03-01 11:16:16]: Added  : "Quadrix.app\Contents\Frameworks\PIL\_imagingtk.cpython-312-darwin.so" 68 KB 
[2026-03-01 11:16:16]: Added  : "Quadrix.app\Contents\Frameworks\PIL\_webp.cpython-312-darwin.so" 73 KB 
[2026-03-01 11:16:16]: Added  : "Quadrix.app\Contents\Frameworks\PIL\__dot__dylibs" 0 KB ,Flags: 64
[2026-03-01 11:16:16]: Added  : "Quadrix.app\Contents\Frameworks\PIL\__dot__dylibs\libavif.16.3.0.dylib" 2897 KB 
[2026-03-01 11:16:16]: Added  : "Quadrix.app\Contents\Frameworks\PIL\__dot__dylibs\libjpeg.62.4.0.dylib" 635 KB 
[2026-03-01 11:16:16]: Added  : "Quadrix.app\Contents\Frameworks\PIL\__dot__dylibs\liblcms2.2.dylib" 510 KB 
[2026-03-01 11:16:16]: Added  : "Quadrix.app\Contents\Frameworks\PIL\__dot__dylibs\liblzma.5.dylib" 316 KB 
[2026-03-01 11:16:16]: Added  : "Quadrix.app\Contents\Frameworks\PIL\__dot__dylibs\libopenjp2.2.5.4.dylib" 648 KB 
[2026-03-01 11:16:16]: Added  : "Quadrix.app\Contents\Frameworks\PIL\__dot__dylibs\libsharpyuv.0.dylib" 84 KB 
[2026-03-01 11:16:16]: Added  : "Quadrix.app\Contents\Frameworks\PIL\__dot__dylibs\libtiff.6.dylib" 749 KB 
[2026-03-01 11:16:16]: Added  : "Quadrix.app\Contents\Frameworks\PIL\__dot__dylibs\libwebp.7.dylib" 501 KB 
[2026-03-01 11:16:16]: Added  : "Quadrix.app\Contents\Frameworks\PIL\__dot__dylibs\libwebpdemux.2.dylib" 68 KB 
[2026-03-01 11:16:16]: Added  : "Quadrix.app\Contents\Frameworks\PIL\__dot__dylibs\libwebpmux.3.dylib" 104 KB 
[2026-03-01 11:16:16]: Added  : "Quadrix.app\Contents\Frameworks\PIL\__dot__dylibs\libXau.6.dylib" 69 KB 
[2026-03-01 11:16:16]: Added  : "Quadrix.app\Contents\Frameworks\PIL\__dot__dylibs\libxcb.1.1.0.dylib" 270 KB 
[2026-03-01 11:16:16]: Added  : "Quadrix.app\Contents\Frameworks\PIL\__dot__dylibs\libz.1.3.1.zlib-ng.dylib" 173 KB 
[2026-03-01 11:16:16]: Changed: "Quadrix.app\Contents\Frameworks\pygame\base.cpython-312-darwin.so" 91 KB size, 91 KB changed 
[2026-03-01 11:16:16]: Changed: "Quadrix.app\Contents\Frameworks\pygame\bufferproxy.cpython-312-darwin.so" 71 KB size, 71 KB changed 
[2026-03-01 11:16:16]: Changed: "Quadrix.app\Contents\Frameworks\pygame\color.cpython-312-darwin.so" 90 KB size, 90 KB changed 
[2026-03-01 11:16:16]: Changed: "Quadrix.app\Contents\Frameworks\pygame\constants.cpython-312-darwin.so" 99 KB size, 99 KB changed 
[2026-03-01 11:16:16]: Changed: "Quadrix.app\Contents\Frameworks\pygame\display.cpython-312-darwin.so" 112 KB size, 112 KB changed 
[2026-03-01 11:16:16]: Changed: "Quadrix.app\Contents\Frameworks\pygame\draw.cpython-312-darwin.so" 119 KB size, 119 KB changed 
[2026-03-01 11:16:16]: Changed: "Quadrix.app\Contents\Frameworks\pygame\event.cpython-312-darwin.so" 90 KB size, 90 KB changed 
[2026-03-01 11:16:16]: Changed: "Quadrix.app\Contents\Frameworks\pygame\font.cpython-312-darwin.so" 90 KB size, 90 KB changed 
[2026-03-01 11:16:16]: Changed: "Quadrix.app\Contents\Frameworks\pygame\gfxdraw.cpython-312-darwin.so" 121 KB size, 121 KB changed 
[2026-03-01 11:16:16]: Changed: "Quadrix.app\Contents\Frameworks\pygame\image.cpython-312-darwin.so" 87 KB size, 87 KB changed 
[2026-03-01 11:16:16]: Changed: "Quadrix.app\Contents\Frameworks\pygame\imageext.cpython-312-darwin.so" 70 KB size, 70 KB changed 
[2026-03-01 11:16:16]: Changed: "Quadrix.app\Contents\Frameworks\pygame\joystick.cpython-312-darwin.so" 72 KB size, 72 KB changed 
[2026-03-01 11:16:16]: Changed: "Quadrix.app\Contents\Frameworks\pygame\key.cpython-312-darwin.so" 71 KB size, 71 KB changed 
[2026-03-01 11:16:16]: Changed: "Quadrix.app\Contents\Frameworks\pygame\mask.cpython-312-darwin.so" 120 KB size, 120 KB changed 
[2026-03-01 11:16:16]: Changed: "Quadrix.app\Contents\Frameworks\pygame\math.cpython-312-darwin.so" 125 KB size, 125 KB changed 
[2026-03-01 11:16:16]: Changed: "Quadrix.app\Contents\Frameworks\pygame\mixer.cpython-312-darwin.so" 92 KB size, 92 KB changed 
[2026-03-01 11:16:16]: Changed: "Quadrix.app\Contents\Frameworks\pygame\mixer_music.cpython-312-darwin.so" 71 KB size, 71 KB changed 
[2026-03-01 11:16:16]: Changed: "Quadrix.app\Contents\Frameworks\pygame\mouse.cpython-312-darwin.so" 71 KB size, 71 KB changed 
[2026-03-01 11:16:16]: Changed: "Quadrix.app\Contents\Frameworks\pygame\pixelarray.cpython-312-darwin.so" 89 KB size, 89 KB changed 
[2026-03-01 11:16:16]: Changed: "Quadrix.app\Contents\Frameworks\pygame\pixelcopy.cpython-312-darwin.so" 85 KB size, 85 KB changed 
[2026-03-01 11:16:16]: Changed: "Quadrix.app\Contents\Frameworks\pygame\rect.cpython-312-darwin.so" 127 KB size, 127 KB changed 
[2026-03-01 11:16:16]: Changed: "Quadrix.app\Contents\Frameworks\pygame\rwobject.cpython-312-darwin.so" 71 KB size, 71 KB changed 
[2026-03-01 11:16:16]: Changed: "Quadrix.app\Contents\Frameworks\pygame\scrap.cpython-312-darwin.so" 70 KB size, 70 KB changed 
[2026-03-01 11:16:16]: Changed: "Quadrix.app\Contents\Frameworks\pygame\surface.cpython-312-darwin.so" 274 KB size, 274 KB changed 
[2026-03-01 11:16:16]: Changed: "Quadrix.app\Contents\Frameworks\pygame\surflock.cpython-312-darwin.so" 69 KB size, 69 KB changed 
[2026-03-01 11:16:16]: Added  : "Quadrix.app\Contents\Frameworks\pygame\system.cpython-312-darwin.so" 70 KB 
[2026-03-01 11:16:16]: Changed: "Quadrix.app\Contents\Frameworks\pygame\time.cpython-312-darwin.so" 71 KB size, 71 KB changed 
[2026-03-01 11:16:16]: Changed: "Quadrix.app\Contents\Frameworks\pygame\transform.cpython-312-darwin.so" 139 KB size, 139 KB changed 
[2026-03-01 11:16:16]: Added  : "Quadrix.app\Contents\Frameworks\pygame\window.cpython-312-darwin.so" 92 KB 
[2026-03-01 11:16:16]: Changed: "Quadrix.app\Contents\Frameworks\pygame\_freetype.cpython-312-darwin.so" 129 KB size, 129 KB changed 
[2026-03-01 11:16:16]: Added  : "Quadrix.app\Contents\Frameworks\pygame\_sdl2" 0 KB ,Flags: 64
[2026-03-01 11:16:16]: Added  : "Quadrix.app\Contents\Frameworks\pygame\_sdl2\audio.cpython-312-darwin.so" 208 KB 
[2026-03-01 11:16:16]: Added  : "Quadrix.app\Contents\Frameworks\pygame\_sdl2\sdl2.cpython-312-darwin.so" 94 KB 
[2026-03-01 11:16:16]: Added  : "Quadrix.app\Contents\Frameworks\pygame\_sdl2\video.cpython-312-darwin.so" 283 KB 
[2026-03-01 11:16:16]: Added  : "Quadrix.app\Contents\Frameworks\pygame\__dot__dylibs\libbrotlicommon.1.1.0.dylib" 196 KB 
[2026-03-01 11:16:16]: Added  : "Quadrix.app\Contents\Frameworks\pygame\__dot__dylibs\libbrotlidec.1.1.0.dylib" 102 KB 
[2026-03-01 11:16:16]: Added  : "Quadrix.app\Contents\Frameworks\pygame\__dot__dylibs\libFLAC.14.0.0.dylib" 333 KB 
[2026-03-01 11:16:16]: Added  : "Quadrix.app\Contents\Frameworks\pygame\__dot__dylibs\libfluidsynth.3.3.7.dylib" 481 KB 
[2026-03-01 11:16:16]: Changed: "Quadrix.app\Contents\Frameworks\pygame\__dot__dylibs\libfreetype.6.dylib" 787 KB size, 787 KB changed 
[2026-03-01 11:16:16]: Changed: "Quadrix.app\Contents\Frameworks\pygame\__dot__dylibs\libglib-2.0.0.dylib" 1580 KB size, 1580 KB changed 
[2026-03-01 11:16:16]: Changed: "Quadrix.app\Contents\Frameworks\pygame\__dot__dylibs\libgthread-2.0.0.dylib" 67 KB size, 67 KB changed 
[2026-03-01 11:16:16]: Added  : "Quadrix.app\Contents\Frameworks\pygame\__dot__dylibs\libharfbuzz.0.dylib" 1385 KB 
[2026-03-01 11:16:16]: Changed: "Quadrix.app\Contents\Frameworks\pygame\__dot__dylibs\libintl.8.dylib" 67 KB size, 67 KB changed 
[2026-03-01 11:16:16]: Added  : "Quadrix.app\Contents\Frameworks\pygame\__dot__dylibs\libjpeg.62.4.0.dylib" 619 KB 
[2026-03-01 11:16:16]: Changed: "Quadrix.app\Contents\Frameworks\pygame\__dot__dylibs\libmpg123.0.dylib" 314 KB size, 314 KB changed 
[2026-03-01 11:16:16]: Added  : "Quadrix.app\Contents\Frameworks\pygame\__dot__dylibs\libogg.0.8.6.dylib" 87 KB 
[2026-03-01 11:16:16]: Changed: "Quadrix.app\Contents\Frameworks\pygame\__dot__dylibs\libopus.0.dylib" 443 KB size, 443 KB changed 
[2026-03-01 11:16:16]: Changed: "Quadrix.app\Contents\Frameworks\pygame\__dot__dylibs\libopusfile.0.dylib" 89 KB size, 89 KB changed 
[2026-03-01 11:16:16]: Changed: "Quadrix.app\Contents\Frameworks\pygame\__dot__dylibs\libpng16.16.dylib" 236 KB size, 236 KB changed 
[2026-03-01 11:16:16]: Changed: "Quadrix.app\Contents\Frameworks\pygame\__dot__dylibs\libSDL2-2.0.0.dylib" 1642 KB size, 1642 KB changed 
[2026-03-01 11:16:16]: Added  : "Quadrix.app\Contents\Frameworks\pygame\__dot__dylibs\libSDL2_image-2.0.0.800.8.dylib" 177 KB 
[2026-03-01 11:16:16]: Added  : "Quadrix.app\Contents\Frameworks\pygame\__dot__dylibs\libSDL2_mixer-2.0.0.800.1.dylib" 244 KB 
[2026-03-01 11:16:16]: Added  : "Quadrix.app\Contents\Frameworks\pygame\__dot__dylibs\libSDL2_ttf-2.0.0.2400.0.dylib" 124 KB 
[2026-03-01 11:16:16]: Changed: "Quadrix.app\Contents\Frameworks\pygame\__dot__dylibs\libsharpyuv.0.dylib" 68 KB size, 68 KB changed 
[2026-03-01 11:16:16]: Added  : "Quadrix.app\Contents\Frameworks\pygame\__dot__dylibs\libsndfile.1.0.37.dylib" 518 KB 
[2026-03-01 11:16:16]: Added  : "Quadrix.app\Contents\Frameworks\pygame\__dot__dylibs\libtiff.6.1.0.dylib" 525 KB 
[2026-03-01 11:16:16]: Changed: "Quadrix.app\Contents\Frameworks\pygame\__dot__dylibs\libvorbis.0.4.9.dylib" 253 KB size, 253 KB changed 
[2026-03-01 11:16:16]: Changed: "Quadrix.app\Contents\Frameworks\pygame\__dot__dylibs\libvorbisenc.2.0.12.dylib" 711 KB size, 711 KB changed 
[2026-03-01 11:16:16]: Changed: "Quadrix.app\Contents\Frameworks\pygame\__dot__dylibs\libvorbisfile.3.3.8.dylib" 88 KB size, 88 KB changed 
[2026-03-01 11:16:16]: Added  : "Quadrix.app\Contents\Frameworks\pygame\__dot__dylibs\libwavpack.1.dylib" 222 KB 
[2026-03-01 11:16:16]: Changed: "Quadrix.app\Contents\Frameworks\pygame\__dot__dylibs\libwebp.7.dylib" 455 KB size, 455 KB changed 
[2026-03-01 11:16:16]: Added  : "Quadrix.app\Contents\Frameworks\pygame\__dot__dylibs\libwebpdemux.2.dylib" 69 KB 
[2026-03-01 11:16:16]: Added  : "Quadrix.app\Contents\Frameworks\pygame\__dot__dylibs\libxmp.4.6.3.dylib" 748 KB 
[2026-03-01 11:16:16]: Added  : "Quadrix.app\Contents\Frameworks\pygame\__dot__dylibs\libz.1.3.1.zlib-ng.dylib" 156 KB 
[2026-03-01 11:16:16]: Changed: "Quadrix.app\Contents\MacOS\Quadrix" 6996 KB size, 6996 KB changed 
[2026-03-01 11:16:16]: Added  : "Quadrix.app\Contents\Resources\assets\main_theme\atolye_panel_back_effect.png" 5633 KB 
[2026-03-01 11:16:16]: Added  : "Quadrix.app\Contents\Resources\assets\main_theme\atolye_panel_effect.png" 3562 KB 
[2026-03-01 11:16:16]: Added  : "Quadrix.app\Contents\Resources\assets\main_theme\blok_gorunum.png" 5423 KB 
[2026-03-01 11:16:16]: Added  : "Quadrix.app\Contents\Resources\assets\main_theme\egitim_panel_effect.png" 3077 KB 
[2026-03-01 11:16:16]: Added  : "Quadrix.app\Contents\Resources\assets\maskot\cop (2).png" 1034 KB 
[2026-03-01 11:16:16]: Added  : "Quadrix.app\Contents\Resources\assets\maskot\cop.png" 2499 KB 
[2026-03-01 11:16:16]: Added  : "Quadrix.app\Contents\Resources\assets\maskot\cop6.png" 5034 KB 
[2026-03-01 11:16:16]: Added  : "Quadrix.app\Contents\Resources\assets\maskot\cop7.png" 2416 KB 
[2026-03-01 11:16:16]: Added  : "Quadrix.app\Contents\Resources\assets\quadrix_icon.ico" 153 KB 
[2026-03-01 11:16:16]: Added  : "Quadrix.app\Contents\Resources\assets\ui\kirmizi-kalp-varyasyon-2764-fe0f.png" 5 KB 
[2026-03-01 11:16:16]: Added  : "Quadrix.app\Contents\Resources\assets\ui\yildiz.png" 5 KB 
[2026-03-01 11:16:16]: Changed: "Quadrix.app\Contents\Resources\avatars\avatar_1.png" 190 KB size, 190 KB changed 
[2026-03-01 11:16:16]: Changed: "Quadrix.app\Contents\Resources\avatars\avatar_10.png" 131 KB size, 131 KB changed 
[2026-03-01 11:16:16]: Changed: "Quadrix.app\Contents\Resources\avatars\avatar_11.png" 204 KB size, 204 KB changed 
[2026-03-01 11:16:16]: Changed: "Quadrix.app\Contents\Resources\avatars\avatar_12.png" 198 KB size, 198 KB changed 
[2026-03-01 11:16:16]: Changed: "Quadrix.app\Contents\Resources\avatars\avatar_13.png" 206 KB size, 206 KB changed 
[2026-03-01 11:16:16]: Changed: "Quadrix.app\Contents\Resources\avatars\avatar_14.png" 225 KB size, 225 KB changed 
[2026-03-01 11:16:16]: Changed: "Quadrix.app\Contents\Resources\avatars\avatar_15.png" 184 KB size, 184 KB changed 
[2026-03-01 11:16:16]: Changed: "Quadrix.app\Contents\Resources\avatars\avatar_16.png" 229 KB size, 229 KB changed 
[2026-03-01 11:16:16]: Changed: "Quadrix.app\Contents\Resources\avatars\avatar_17.png" 204 KB size, 204 KB changed 
[2026-03-01 11:16:16]: Changed: "Quadrix.app\Contents\Resources\avatars\avatar_18.png" 233 KB size, 233 KB changed 
[2026-03-01 11:16:16]: Changed: "Quadrix.app\Contents\Resources\avatars\avatar_19.png" 207 KB size, 207 KB changed 
[2026-03-01 11:16:16]: Changed: "Quadrix.app\Contents\Resources\avatars\avatar_2.png" 181 KB size, 181 KB changed 
[2026-03-01 11:16:16]: Changed: "Quadrix.app\Contents\Resources\avatars\avatar_20.png" 219 KB size, 219 KB changed 
[2026-03-01 11:16:16]: Changed: "Quadrix.app\Contents\Resources\avatars\avatar_21.png" 181 KB size, 181 KB changed 
[2026-03-01 11:16:16]: Changed: "Quadrix.app\Contents\Resources\avatars\avatar_22.png" 270 KB size, 270 KB changed 
[2026-03-01 11:16:16]: Changed: "Quadrix.app\Contents\Resources\avatars\avatar_23.png" 232 KB size, 232 KB changed 
[2026-03-01 11:16:16]: Changed: "Quadrix.app\Contents\Resources\avatars\avatar_24.png" 170 KB size, 170 KB changed 
[2026-03-01 11:16:16]: Changed: "Quadrix.app\Contents\Resources\avatars\avatar_25.png" 220 KB size, 220 KB changed 
[2026-03-01 11:16:16]: Changed: "Quadrix.app\Contents\Resources\avatars\avatar_26.png" 178 KB size, 178 KB changed 
[2026-03-01 11:16:16]: Changed: "Quadrix.app\Contents\Resources\avatars\avatar_27.png" 236 KB size, 236 KB changed 
[2026-03-01 11:16:16]: Changed: "Quadrix.app\Contents\Resources\avatars\avatar_28.png" 181 KB size, 181 KB changed 
[2026-03-01 11:16:16]: Changed: "Quadrix.app\Contents\Resources\avatars\avatar_29.png" 237 KB size, 237 KB changed 
[2026-03-01 11:16:16]: Changed: "Quadrix.app\Contents\Resources\avatars\avatar_3.png" 189 KB size, 189 KB changed 
[2026-03-01 11:16:16]: Changed: "Quadrix.app\Contents\Resources\avatars\avatar_30.png" 208 KB size, 208 KB changed 
[2026-03-01 11:16:16]: Changed: "Quadrix.app\Contents\Resources\avatars\avatar_4.png" 186 KB size, 186 KB changed 
[2026-03-01 11:16:16]: Changed: "Quadrix.app\Contents\Resources\avatars\avatar_5.png" 206 KB size, 206 KB changed 
[2026-03-01 11:16:16]: Changed: "Quadrix.app\Contents\Resources\avatars\avatar_6.png" 195 KB size, 195 KB changed 
[2026-03-01 11:16:16]: Changed: "Quadrix.app\Contents\Resources\avatars\avatar_7.png" 190 KB size, 190 KB changed 
[2026-03-01 11:16:16]: Changed: "Quadrix.app\Contents\Resources\avatars\avatar_8.png" 192 KB size, 192 KB changed 
[2026-03-01 11:16:16]: Changed: "Quadrix.app\Contents\Resources\avatars\avatar_9.png" 171 KB size, 171 KB changed 
[2026-03-01 11:16:16]: Changed: "Quadrix.app\Contents\Resources\base_library.zip" 1304 KB size, 1304 KB changed 
[2026-03-01 11:16:16]: Changed: "Quadrix.app\Contents\Resources\font\ki-cho-jis_0310\readme[sjis].txt" 1 KB size, 1 KB changed 
[2026-03-01 11:16:16]: Changed: "Quadrix.app\Contents\Resources\font\ki-cho-jis_0310\readme[utf-8].txt" 2 KB size, 2 KB changed 
[2026-03-01 11:16:16]: Added  : "Quadrix.app\Contents\Resources\font\kyril" 0 KB ,Flags: 64
[2026-03-01 11:16:16]: Added  : "Quadrix.app\Contents\Resources\font\kyril\KyrillaSansSerif-Black.ttf" 26 KB 
[2026-03-01 11:16:16]: Added  : "Quadrix.app\Contents\Resources\libavif.16.3.0.dylib" 0 KB ,Flags: 512
[2026-03-01 11:16:16]: Added  : "Quadrix.app\Contents\Resources\libbrotlicommon.1.1.0.dylib" 0 KB ,Flags: 512
[2026-03-01 11:16:16]: Added  : "Quadrix.app\Contents\Resources\libbrotlidec.1.1.0.dylib" 0 KB ,Flags: 512
[2026-03-01 11:16:16]: Added  : "Quadrix.app\Contents\Resources\libFLAC.14.0.0.dylib" 0 KB ,Flags: 512
[2026-03-01 11:16:16]: Added  : "Quadrix.app\Contents\Resources\libfluidsynth.3.3.7.dylib" 0 KB ,Flags: 512
[2026-03-01 11:16:16]: Added  : "Quadrix.app\Contents\Resources\libharfbuzz.0.dylib" 0 KB ,Flags: 512
[2026-03-01 11:16:16]: Added  : "Quadrix.app\Contents\Resources\libjpeg.62.4.0.dylib" 0 KB ,Flags: 512
[2026-03-01 11:16:16]: Added  : "Quadrix.app\Contents\Resources\liblcms2.2.dylib" 0 KB ,Flags: 512
[2026-03-01 11:16:16]: Added  : "Quadrix.app\Contents\Resources\libogg.0.8.6.dylib" 0 KB ,Flags: 512
[2026-03-01 11:16:16]: Added  : "Quadrix.app\Contents\Resources\libopenjp2.2.5.4.dylib" 0 KB ,Flags: 512
[2026-03-01 11:16:16]: Added  : "Quadrix.app\Contents\Resources\libSDL2_image-2.0.0.800.8.dylib" 0 KB ,Flags: 512
[2026-03-01 11:16:16]: Added  : "Quadrix.app\Contents\Resources\libSDL2_mixer-2.0.0.800.1.dylib" 0 KB ,Flags: 512
[2026-03-01 11:16:16]: Added  : "Quadrix.app\Contents\Resources\libSDL2_ttf-2.0.0.2400.0.dylib" 0 KB ,Flags: 512
[2026-03-01 11:16:16]: Added  : "Quadrix.app\Contents\Resources\libsndfile.1.0.37.dylib" 0 KB ,Flags: 512
[2026-03-01 11:16:16]: Added  : "Quadrix.app\Contents\Resources\libtiff.6.1.0.dylib" 0 KB ,Flags: 512
[2026-03-01 11:16:16]: Added  : "Quadrix.app\Contents\Resources\libtiff.6.dylib" 0 KB ,Flags: 512
[2026-03-01 11:16:16]: Added  : "Quadrix.app\Contents\Resources\libwavpack.1.dylib" 0 KB ,Flags: 512
[2026-03-01 11:16:16]: Added  : "Quadrix.app\Contents\Resources\libwebpdemux.2.dylib" 0 KB ,Flags: 512
[2026-03-01 11:16:16]: Added  : "Quadrix.app\Contents\Resources\libwebpmux.3.dylib" 0 KB ,Flags: 512
[2026-03-01 11:16:16]: Added  : "Quadrix.app\Contents\Resources\libXau.6.dylib" 0 KB ,Flags: 512
[2026-03-01 11:16:16]: Added  : "Quadrix.app\Contents\Resources\libxcb.1.1.0.dylib" 0 KB ,Flags: 512
[2026-03-01 11:16:16]: Added  : "Quadrix.app\Contents\Resources\libxmp.4.6.3.dylib" 0 KB ,Flags: 512
[2026-03-01 11:16:16]: Added  : "Quadrix.app\Contents\Resources\libz.1.3.1.zlib-ng.dylib" 0 KB ,Flags: 512
[2026-03-01 11:16:16]: Changed: "Quadrix.app\Contents\Resources\menu_layout_runtime.json" 9 KB size, 9 KB changed 
[2026-03-01 11:16:16]: Added  : "Quadrix.app\Contents\Resources\music\cascade_1.mp3" 3276 KB 
[2026-03-01 11:16:16]: Added  : "Quadrix.app\Contents\Resources\music\cascade_2.mp3" 1084 KB 
[2026-03-01 11:16:16]: Added  : "Quadrix.app\Contents\Resources\music\d1.mp3" 1917 KB 
[2026-03-01 11:16:16]: Added  : "Quadrix.app\Contents\Resources\music\d1_1.mp3" 1888 KB 
[2026-03-01 11:16:16]: Added  : "Quadrix.app\Contents\Resources\music\d2.mp3" 1362 KB 
[2026-03-01 11:16:16]: Added  : "Quadrix.app\Contents\Resources\music\d2_1.mp3" 1309 KB 
[2026-03-01 11:16:16]: Added  : "Quadrix.app\Contents\Resources\music\d2_3.mp3" 1959 KB 
[2026-03-01 11:16:16]: Added  : "Quadrix.app\Contents\Resources\music\d2_4.mp3" 1963 KB 
[2026-03-01 11:16:16]: Added  : "Quadrix.app\Contents\Resources\music\d3.mp3" 1085 KB 
[2026-03-01 11:16:16]: Added  : "Quadrix.app\Contents\Resources\music\d3_1.mp3" 1607 KB 
[2026-03-01 11:16:16]: Added  : "Quadrix.app\Contents\Resources\music\d3_2.mp3" 3792 KB 
[2026-03-01 11:16:16]: Added  : "Quadrix.app\Contents\Resources\music\d4_1.mp3" 2009 KB 
[2026-03-01 11:16:16]: Added  : "Quadrix.app\Contents\Resources\music\d4_2.mp3" 937 KB 
[2026-03-01 11:16:16]: Added  : "Quadrix.app\Contents\Resources\music\d4_3.mp3" 947 KB 
[2026-03-01 11:16:16]: Added  : "Quadrix.app\Contents\Resources\music\d5.mp3" 1624 KB 
[2026-03-01 11:16:16]: Added  : "Quadrix.app\Contents\Resources\music\d5_1.mp3" 1512 KB 
[2026-03-01 11:16:16]: Added  : "Quadrix.app\Contents\Resources\music\d5_2.mp3" 1476 KB 
[2026-03-01 11:16:16]: Added  : "Quadrix.app\Contents\Resources\music\daily_1.mp3" 3506 KB 
[2026-03-01 11:16:16]: Added  : "Quadrix.app\Contents\Resources\music\hardcore_1.mp3" 3581 KB 
[2026-03-01 11:16:16]: Added  : "Quadrix.app\Contents\Resources\music\hardcore_2.mp3" 4338 KB 
[2026-03-01 11:16:16]: Added  : "Quadrix.app\Contents\Resources\music\kart_1.mp3" 3761 KB 
[2026-03-01 11:16:16]: Added  : "Quadrix.app\Contents\Resources\music\kart_2.mp3" 4671 KB 
[2026-03-01 11:16:16]: Added  : "Quadrix.app\Contents\Resources\music\kart_3.mp3" 3190 KB 
[2026-03-01 11:16:16]: Added  : "Quadrix.app\Contents\Resources\music\klasik_1.mp3" 1867 KB 
[2026-03-01 11:16:16]: Added  : "Quadrix.app\Contents\Resources\music\main_1.mp3" 1791 KB 
[2026-03-01 11:16:16]: Added  : "Quadrix.app\Contents\Resources\music\pvp_1.mp3" 702 KB 
[2026-03-01 11:16:16]: Added  : "Quadrix.app\Contents\Resources\music\quadrixextra_1.mp3" 2373 KB 
[2026-03-01 11:16:16]: Added  : "Quadrix.app\Contents\Resources\music\sprint_1.mp3" 3145 KB 
[2026-03-01 11:16:16]: Added  : "Quadrix.app\Contents\Resources\music\survival_1.mp3" 3807 KB 
[2026-03-01 11:16:16]: Added  : "Quadrix.app\Contents\Resources\music\survival_2.mp3" 4916 KB 
[2026-03-01 11:16:16]: Added  : "Quadrix.app\Contents\Resources\music\ultra_1.mp3" 6611 KB 
[2026-03-01 11:16:16]: Added  : "Quadrix.app\Contents\Resources\music\ultra_2.mp3" 2241 KB 
[2026-03-01 11:16:16]: Added  : "Quadrix.app\Contents\Resources\music\wide_1.mp3" 4896 KB 
[2026-03-01 11:16:16]: Added  : "Quadrix.app\Contents\Resources\music\wide_2.mp3" 7527 KB 
[2026-03-01 11:16:16]: Added  : "Quadrix.app\Contents\Resources\music\zen_1.mp3" 3002 KB 
[2026-03-01 11:16:16]: Added  : "Quadrix.app\Contents\Resources\PIL" 0 KB ,Flags: 512
[2026-03-01 11:16:16]: Added  : "Quadrix.app\Contents\Resources\pygame\system.cpython-312-darwin.so" 0 KB ,Flags: 512
[2026-03-01 11:16:16]: Added  : "Quadrix.app\Contents\Resources\pygame\window.cpython-312-darwin.so" 0 KB ,Flags: 512
[2026-03-01 11:16:16]: Added  : "Quadrix.app\Contents\Resources\pygame\_sdl2" 0 KB ,Flags: 512
[2026-03-01 11:16:16]: Changed: "Quadrix.app\Contents\Resources\settings.txt" 1 KB size, 1 KB changed 
[2026-03-01 11:16:16]: Added  : "Quadrix.app\Contents\Resources\src\settings.json" 2 KB 
[2026-03-01 11:16:16]: Changed: "Quadrix.app\Contents\Resources\src\splashscreen\desktop.ini" 1 KB size, 1 KB changed 
[2026-03-01 11:16:16]: Changed: "Quadrix.app\Contents\Resources\steam_appid.txt" 1 KB size, 1 KB changed 
[2026-03-01 11:16:16]: Changed: "Quadrix.app\Contents\_CodeSignature\CodeResources" 132 KB size, 132 KB changed 
[2026-03-01 11:16:16]: Removed: Quadrix.app\Contents\Frameworks\apple_emojis (0 KB)
[2026-03-01 11:16:16]: Removed: Quadrix.app\Contents\Frameworks\libbrotlicommon.1.0.9.dylib (0 KB)
[2026-03-01 11:16:16]: Removed: Quadrix.app\Contents\Frameworks\libbrotlidec.1.0.9.dylib (0 KB)
[2026-03-01 11:16:16]: Removed: Quadrix.app\Contents\Frameworks\libFLAC.8.dylib (0 KB)
[2026-03-01 11:16:16]: Removed: Quadrix.app\Contents\Frameworks\libfluidsynth.3.1.1.dylib (0 KB)
[2026-03-01 11:16:16]: Removed: Quadrix.app\Contents\Frameworks\libjpeg.62.3.0.dylib (0 KB)
[2026-03-01 11:16:16]: Removed: Quadrix.app\Contents\Frameworks\libmodplug.1.dylib (0 KB)
[2026-03-01 11:16:16]: Removed: Quadrix.app\Contents\Frameworks\libogg.0.8.5.dylib (0 KB)
[2026-03-01 11:16:16]: Removed: Quadrix.app\Contents\Frameworks\libSDL2_image-2.0.0.dylib (0 KB)
[2026-03-01 11:16:16]: Removed: Quadrix.app\Contents\Frameworks\libSDL2_mixer-2.0.0.dylib (0 KB)
[2026-03-01 11:16:16]: Removed: Quadrix.app\Contents\Frameworks\libSDL2_ttf-2.0.0.dylib (0 KB)
[2026-03-01 11:16:16]: Removed: Quadrix.app\Contents\Frameworks\libsndfile.1.0.34.dylib (0 KB)
[2026-03-01 11:16:16]: Removed: Quadrix.app\Contents\Frameworks\libtiff.5.8.0.dylib (0 KB)
[2026-03-01 11:16:16]: Removed: Quadrix.app\Contents\Frameworks\libz.1.2.11.zlib-ng.dylib (0 KB)
[2026-03-01 11:16:16]: Removed: Quadrix.app\Contents\Frameworks\pygame\__dot__dylibs\libbrotlicommon.1.0.9.dylib (180 KB)
[2026-03-01 11:16:16]: Removed: Quadrix.app\Contents\Frameworks\pygame\__dot__dylibs\libbrotlidec.1.0.9.dylib (102 KB)
[2026-03-01 11:16:16]: Removed: Quadrix.app\Contents\Frameworks\pygame\__dot__dylibs\libFLAC.8.dylib (247 KB)
[2026-03-01 11:16:16]: Removed: Quadrix.app\Contents\Frameworks\pygame\__dot__dylibs\libfluidsynth.3.1.1.dylib (462 KB)
[2026-03-01 11:16:16]: Removed: Quadrix.app\Contents\Frameworks\pygame\__dot__dylibs\libjpeg.62.3.0.dylib (411 KB)
[2026-03-01 11:16:16]: Removed: Quadrix.app\Contents\Frameworks\pygame\__dot__dylibs\libmodplug.1.dylib (345 KB)
[2026-03-01 11:16:16]: Removed: Quadrix.app\Contents\Frameworks\pygame\__dot__dylibs\libogg.0.8.5.dylib (87 KB)
[2026-03-01 11:16:16]: Removed: Quadrix.app\Contents\Frameworks\pygame\__dot__dylibs\libSDL2_image-2.0.0.dylib (192 KB)
[2026-03-01 11:16:16]: Removed: Quadrix.app\Contents\Frameworks\pygame\__dot__dylibs\libSDL2_mixer-2.0.0.dylib (225 KB)
[2026-03-01 11:16:16]: Removed: Quadrix.app\Contents\Frameworks\pygame\__dot__dylibs\libSDL2_ttf-2.0.0.dylib (1679 KB)
[2026-03-01 11:16:16]: Removed: Quadrix.app\Contents\Frameworks\pygame\__dot__dylibs\libsndfile.1.0.34.dylib (517 KB)
[2026-03-01 11:16:16]: Removed: Quadrix.app\Contents\Frameworks\pygame\__dot__dylibs\libtiff.5.8.0.dylib (489 KB)
[2026-03-01 11:16:16]: Removed: Quadrix.app\Contents\Frameworks\pygame\__dot__dylibs\libz.1.2.11.zlib-ng.dylib (156 KB)
[2026-03-01 11:16:16]: Removed: Quadrix.app\Contents\Resources\apple_emojis (0 KB)
[2026-03-01 11:16:16]: Removed: Quadrix.app\Contents\Resources\apple_emojis\çöp-kutusu-varyasyon-1f5d1-fe0f.png (12 KB)
[2026-03-01 11:16:16]: Removed: Quadrix.app\Contents\Resources\apple_emojis\çağrı-cihazı.png (6 KB)
[2026-03-01 11:16:16]: Removed: Quadrix.app\Contents\Resources\apple_emojis\çam-ağacı.png (7 KB)
[2026-03-01 11:16:16]: Removed: Quadrix.app\Contents\Resources\apple_emojis\çapa.png (5 KB)
[2026-03-01 11:16:16]: Removed: Quadrix.app\Contents\Resources\apple_emojis\çarpışma-symbol.png (6 KB)
[2026-03-01 11:16:16]: Removed: Quadrix.app\Contents\Resources\apple_emojis\çatal-and-bıçak-ile-tabak.png (7 KB)
[2026-03-01 11:16:16]: Removed: Quadrix.app\Contents\Resources\apple_emojis\çatal-and-bıçak.png (4 KB)
[2026-03-01 11:16:16]: Removed: Quadrix.app\Contents\Resources\apple_emojis\çekiç-kazma-varyasyon-2692-fe0f.png (6 KB)
[2026-03-01 11:16:16]: Removed: Quadrix.app\Contents\Resources\apple_emojis\çekiç.png (4 KB)
[2026-03-01 11:16:16]: Removed: Quadrix.app\Contents\Resources\apple_emojis\çeyrek-ay-yüz.png (5 KB)
[2026-03-01 11:16:16]: Removed: Quadrix.app\Contents\Resources\apple_emojis\çiçek-oyun-kartları.png (5 KB)
[2026-03-01 11:16:16]: Removed: Quadrix.app\Contents\Resources\apple_emojis\çiçek.png (8 KB)
[2026-03-01 11:16:16]: Removed: Quadrix.app\Contents\Resources\apple_emojis\çikolata.png (5 KB)
[2026-03-01 11:16:16]: Removed: Quadrix.app\Contents\Resources\apple_emojis\çilek.png (7 KB)
[2026-03-01 11:16:16]: Removed: Quadrix.app\Contents\Resources\apple_emojis\çin-bayrağı.png (3 KB)
[2026-03-01 11:16:16]: Removed: Quadrix.app\Contents\Resources\apple_emojis\çizgi-symbol.png (6 KB)
[2026-03-01 11:16:16]: Removed: Quadrix.app\Contents\Resources\apple_emojis\çorba.png (7 KB)
[2026-03-01 11:16:16]: Removed: Quadrix.app\Contents\Resources\apple_emojis\çubuk-grafik.png (5 KB)
[2026-03-01 11:16:16]: Removed: Quadrix.app\Contents\Resources\apple_emojis\çubuk-of-soap.png (6 KB)
[2026-03-01 11:16:16]: Removed: Quadrix.app\Contents\Resources\apple_emojis\örümcek-ağ.png (6 KB)
[2026-03-01 11:16:16]: Removed: Quadrix.app\Contents\Resources\apple_emojis\örümcek-varyasyon-1f577-fe0f.png (6 KB)
[2026-03-01 11:16:16]: Removed: Quadrix.app\Contents\Resources\apple_emojis\ördek.png (6 KB)
[2026-03-01 11:16:16]: Removed: Quadrix.app\Contents\Resources\apple_emojis\üçgen-bayraklı-açık-post.png (3 KB)
[2026-03-01 11:16:16]: Removed: Quadrix.app\Contents\Resources\apple_emojis\üçgen-cetvel.png (4 KB)
[2026-03-01 11:16:16]: Removed: Quadrix.app\Contents\Resources\apple_emojis\ünlem-soru-işaret.png (3 KB)
[2026-03-01 11:16:16]: Removed: Quadrix.app\Contents\Resources\apple_emojis\üst-şapka.png (5 KB)
[2026-03-01 11:16:16]: Removed: Quadrix.app\Contents\Resources\apple_emojis\üst-ile-yukarı-ok-above.png (2 KB)
[2026-03-01 11:16:16]: Removed: Quadrix.app\Contents\Resources\apple_emojis\üzüm.png (8 KB)
[2026-03-01 11:16:16]: Removed: Quadrix.app\Contents\Resources\apple_emojis\ıstakoz.png (8 KB)
[2026-03-01 11:16:16]: Removed: Quadrix.app\Contents\Resources\apple_emojis\şaşırmış-yüz.png (6 KB)
[2026-03-01 11:16:16]: Removed: Quadrix.app\Contents\Resources\apple_emojis\şaşkın-yüz.png (6 KB)
[2026-03-01 11:16:16]: Removed: Quadrix.app\Contents\Resources\apple_emojis\şampanya.png (5 KB)
[2026-03-01 11:16:16]: Removed: Quadrix.app\Contents\Resources\apple_emojis\şans-kurabiye.png (6 KB)
[2026-03-01 11:16:16]: Removed: Quadrix.app\Contents\Resources\apple_emojis\şarap-kadehi.png (5 KB)
[2026-03-01 11:16:16]: Removed: Quadrix.app\Contents\Resources\apple_emojis\şeftali.png (7 KB)
[2026-03-01 11:16:16]: Removed: Quadrix.app\Contents\Resources\apple_emojis\şeker.png (5 KB)
[2026-03-01 11:16:16]: Removed: Quadrix.app\Contents\Resources\apple_emojis\şemsiye-varyasyon-26f1-fe0f.png (5 KB)
[2026-03-01 11:16:16]: Removed: Quadrix.app\Contents\Resources\apple_emojis\şemsiye.png (4 KB)
[2026-03-01 11:16:16]: Removed: Quadrix.app\Contents\Resources\apple_emojis\şeytani-gülümseme.png (7 KB)
[2026-03-01 11:16:16]: Removed: Quadrix.app\Contents\Resources\apple_emojis\şişman-ay.png (7 KB)
[2026-03-01 11:16:16]: Removed: Quadrix.app\Contents\Resources\apple_emojis\şimşekli-bulut-varyasyon-1f329-fe0f.png (4 KB)
[2026-03-01 11:16:16]: Removed: Quadrix.app\Contents\Resources\apple_emojis\1fa89.png (5 KB)
[2026-03-01 11:16:16]: Removed: Quadrix.app\Contents\Resources\apple_emojis\1fa8f.png (4 KB)
[2026-03-01 11:16:16]: Removed: Quadrix.app\Contents\Resources\apple_emojis\1fabe.png (5 KB)
[2026-03-01 11:16:16]: Removed: Quadrix.app\Contents\Resources\apple_emojis\1fac6.png (5 KB)
[2026-03-01 11:16:16]: Removed: Quadrix.app\Contents\Resources\apple_emojis\1fadc.png (5 KB)
[2026-03-01 11:16:16]: Removed: Quadrix.app\Contents\Resources\apple_emojis\1fadf.png (6 KB)
[2026-03-01 11:16:16]: Removed: Quadrix.app\Contents\Resources\apple_emojis\1fae9.png (7 KB)
[2026-03-01 11:16:16]: Removed: Quadrix.app\Contents\Resources\apple_emojis\açık-ağızlı-gülümseme.png (7 KB)
[2026-03-01 11:16:16]: Removed: Quadrix.app\Contents\Resources\apple_emojis\açık-dosya-klasör.png (5 KB)
[2026-03-01 11:16:16]: Removed: Quadrix.app\Contents\Resources\apple_emojis\açık-hands-işaret-1.png (4 KB)
[2026-03-01 11:16:16]: Removed: Quadrix.app\Contents\Resources\apple_emojis\açık-hands-işaret-2.png (4 KB)
[2026-03-01 11:16:16]: Removed: Quadrix.app\Contents\Resources\apple_emojis\açık-hands-işaret-3.png (4 KB)
[2026-03-01 11:16:16]: Removed: Quadrix.app\Contents\Resources\apple_emojis\açık-hands-işaret-4.png (5 KB)
[2026-03-01 11:16:16]: Removed: Quadrix.app\Contents\Resources\apple_emojis\açık-hands-işaret-5.png (4 KB)
[2026-03-01 11:16:16]: Removed: Quadrix.app\Contents\Resources\apple_emojis\açık-hands-işaret.png (4 KB)
[2026-03-01 11:16:16]: Removed: Quadrix.app\Contents\Resources\apple_emojis\açık-ile-ünlem-işaret-ile-sol-sağ-ok-above.png (2 KB)
[2026-03-01 11:16:16]: Removed: Quadrix.app\Contents\Resources\apple_emojis\açık-kilit.png (5 KB)
[2026-03-01 11:16:16]: Removed: Quadrix.app\Contents\Resources\apple_emojis\açık-kitap.png (6 KB)
[2026-03-01 11:16:16]: Removed: Quadrix.app\Contents\Resources\apple_emojis\açık-posta-kutusu-ile-indirilmiş-bayraklı.png (4 KB)
[2026-03-01 11:16:16]: Removed: Quadrix.app\Contents\Resources\apple_emojis\açık-posta-kutusu-ile-kaldırılmış-bayraklı.png (5 KB)
[2026-03-01 11:16:16]: Removed: Quadrix.app\Contents\Resources\apple_emojis\ağır-kalp-varyasyon-2763-fe0f.png (4 KB)
[2026-03-01 11:16:16]: Removed: Quadrix.app\Contents\Resources\apple_emojis\ağız.png (5 KB)
[2026-03-01 11:16:16]: Removed: Quadrix.app\Contents\Resources\apple_emojis\ağlayan-kedi-yüz.png (7 KB)
[2026-03-01 11:16:16]: Removed: Quadrix.app\Contents\Resources\apple_emojis\ağlayan-yüz.png (7 KB)
[2026-03-01 11:16:16]: Removed: Quadrix.app\Contents\Resources\apple_emojis\aşağı-siyah-ok.png (3 KB)
[2026-03-01 11:16:16]: Removed: Quadrix.app\Contents\Resources\apple_emojis\abaküs.png (9 KB)
[2026-03-01 11:16:16]: Removed: Quadrix.app\Contents\Resources\apple_emojis\acı-çeken-yüz.png (6 KB)
[2026-03-01 11:16:16]: Removed: Quadrix.app\Contents\Resources\apple_emojis\acı-biber-varyasyon-1f336-fe0f.png (5 KB)
[2026-03-01 11:16:16]: Removed: Quadrix.app\Contents\Resources\apple_emojis\accordion.png (6 KB)
[2026-03-01 11:16:16]: Removed: Quadrix.app\Contents\Resources\apple_emojis\adhesive-bandage.png (3 KB)
[2026-03-01 11:16:16]: Removed: Quadrix.app\Contents\Resources\apple_emojis\admission-tickets.png (5 KB)
[2026-03-01 11:16:16]: Removed: Quadrix.app\Contents\Resources\apple_emojis\adult-1.png (5 KB)
[2026-03-01 11:16:16]: Removed: Quadrix.app\Contents\Resources\apple_emojis\adult-10.png (7 KB)
[2026-03-01 11:16:16]: Removed: Quadrix.app\Contents\Resources\apple_emojis\adult-100.png (5 KB)
[2026-03-01 11:16:16]: Removed: Quadrix.app\Contents\Resources\apple_emojis\adult-101.png (6 KB)
[2026-03-01 11:16:16]: Removed: Quadrix.app\Contents\Resources\apple_emojis\adult-102.png (5 KB)
[2026-03-01 11:16:16]: Removed: Quadrix.app\Contents\Resources\apple_emojis\adult-103.png (7 KB)
[2026-03-01 11:16:16]: Removed: Quadrix.app\Contents\Resources\apple_emojis\adult-104.png (6 KB)
[2026-03-01 11:16:16]: Removed: Quadrix.app\Contents\Resources\apple_emojis\adult-105.png (6 KB)
[2026-03-01 11:16:16]: Removed: Quadrix.app\Contents\Resources\apple_emojis\adult-106.png (5 KB)
[2026-03-01 11:16:16]: Removed: Quadrix.app\Contents\Resources\apple_emojis\adult-107.png (7 KB)
[2026-03-01 11:16:16]: Removed: Quadrix.app\Contents\Resources\apple_emojis\adult-108.png (7 KB)
[2026-03-01 11:16:16]: Removed: Quadrix.app\Contents\Resources\apple_emojis\adult-109.png (7 KB)
[2026-03-01 11:16:16]: Removed: Quadrix.app\Contents\Resources\apple_emojis\adult-11.png (7 KB)
[2026-03-01 11:16:16]: Removed: Quadrix.app\Contents\Resources\apple_emojis\adult-110.png (7 KB)
[2026-03-01 11:16:16]: Removed: Quadrix.app\Contents\Resources\apple_emojis\adult-111.png (6 KB)
[2026-03-01 11:16:16]: Removed: Quadrix.app\Contents\Resources\apple_emojis\adult-112.png (7 KB)
[2026-03-01 11:16:16]: Removed: Quadrix.app\Contents\Resources\apple_emojis\adult-113.png (7 KB)
[2026-03-01 11:16:16]: Removed: Quadrix.app\Contents\Resources\apple_emojis\adult-114.png (6 KB)
[2026-03-01 11:16:16]: Removed: Quadrix.app\Contents\Resources\apple_emojis\adult-115.png (7 KB)
[2026-03-01 11:16:16]: Removed: Quadrix.app\Contents\Resources\apple_emojis\adult-116.png (7 KB)
[2026-03-01 11:16:16]: Removed: Quadrix.app\Contents\Resources\apple_emojis\adult-117.png (6 KB)
[2026-03-01 11:16:16]: Removed: Quadrix.app\Contents\Resources\apple_emojis\adult-118.png (7 KB)
[2026-03-01 11:16:16]: Removed: Quadrix.app\Contents\Resources\apple_emojis\adult-119.png (8 KB)
[2026-03-01 11:16:16]: Removed: Quadrix.app\Contents\Resources\apple_emojis\adult-12.png (7 KB)
[2026-03-01 11:16:16]: Removed: Quadrix.app\Contents\Resources\apple_emojis\adult-120.png (5 KB)
[2026-03-01 11:16:16]: Removed: Quadrix.app\Contents\Resources\apple_emojis\adult-121.png (7 KB)
[2026-03-01 11:16:16]: Removed: Quadrix.app\Contents\Resources\apple_emojis\adult-122.png (8 KB)
[2026-03-01 11:16:16]: Removed: Quadrix.app\Contents\Resources\apple_emojis\adult-123.png (7 KB)
[2026-03-01 11:16:16]: Removed: Quadrix.app\Contents\Resources\apple_emojis\adult-124.png (5 KB)
[2026-03-01 11:16:16]: Removed: Quadrix.app\Contents\Resources\apple_emojis\adult-125.png (8 KB)
[2026-03-01 11:16:16]: Removed: Quadrix.app\Contents\Resources\apple_emojis\adult-126.png (7 KB)
[2026-03-01 11:16:16]: Removed: Quadrix.app\Contents\Resources\apple_emojis\adult-127.png (7 KB)
[2026-03-01 11:16:16]: Removed: Quadrix.app\Contents\Resources\apple_emojis\adult-128.png (6 KB)
[2026-03-01 11:16:16]: Removed: Quadrix.app\Contents\Resources\apple_emojis\adult-129.png (7 KB)
[2026-03-01 11:16:16]: Removed: Quadrix.app\Contents\Resources\apple_emojis\adult-13.png (7 KB)
[2026-03-01 11:16:16]: Removed: Quadrix.app\Contents\Resources\apple_emojis\adult-130.png (6 KB)
[2026-03-01 11:16:16]: Removed: Quadrix.app\Contents\Resources\apple_emojis\adult-131.png (7 KB)
[2026-03-01 11:16:16]: Removed: Quadrix.app\Contents\Resources\apple_emojis\adult-132.png (5 KB)
[2026-03-01 11:16:16]: Removed: Quadrix.app\Contents\Resources\apple_emojis\adult-133.png (5 KB)
[2026-03-01 11:16:16]: Removed: Quadrix.app\Contents\Resources\apple_emojis\adult-134.png (7 KB)
[2026-03-01 11:16:16]: Removed: Quadrix.app\Contents\Resources\apple_emojis\adult-135.png (8 KB)
[2026-03-01 11:16:16]: Removed: Quadrix.app\Contents\Resources\apple_emojis\adult-136.png (7 KB)
[2026-03-01 11:16:16]: Removed: Quadrix.app\Contents\Resources\apple_emojis\adult-137.png (8 KB)
[2026-03-01 11:16:16]: Removed: Quadrix.app\Contents\Resources\apple_emojis\adult-138.png (6 KB)
[2026-03-01 11:16:16]: Removed: Quadrix.app\Contents\Resources\apple_emojis\adult-139.png (5 KB)
[2026-03-01 11:16:16]: Removed: Quadrix.app\Contents\Resources\apple_emojis\adult-14.png (6 KB)
[2026-03-01 11:16:16]: Removed: Quadrix.app\Contents\Resources\apple_emojis\adult-140.png (7 KB)
[2026-03-01 11:16:16]: Removed: Quadrix.app\Contents\Resources\apple_emojis\adult-141.png (6 KB)
[2026-03-01 11:16:16]: Removed: Quadrix.app\Contents\Resources\apple_emojis\adult-142.png (6 KB)
[2026-03-01 11:16:16]: Removed: Quadrix.app\Contents\Resources\apple_emojis\adult-143.png (7 KB)
[2026-03-01 11:16:16]: Removed: Quadrix.app\Contents\Resources\apple_emojis\adult-144.png (7 KB)
[2026-03-01 11:16:16]: Removed: Quadrix.app\Contents\Resources\apple_emojis\adult-145.png (7 KB)
[2026-03-01 11:16:16]: Removed: Quadrix.app\Contents\Resources\apple_emojis\adult-146.png (6 KB)
[2026-03-01 11:16:16]: Removed: Quadrix.app\Contents\Resources\apple_emojis\adult-147.png (5 KB)
[2026-03-01 11:16:16]: Removed: Quadrix.app\Contents\Resources\apple_emojis\adult-148.png (7 KB)
[2026-03-01 11:16:16]: Removed: Quadrix.app\Contents\Resources\apple_emojis\adult-149.png (7 KB)
[2026-03-01 11:16:16]: Removed: Quadrix.app\Contents\Resources\apple_emojis\adult-15.png (7 KB)
[2026-03-01 11:16:16]: Removed: Quadrix.app\Contents\Resources\apple_emojis\adult-150.png (8 KB)
[2026-03-01 11:16:16]: Removed: Quadrix.app\Contents\Resources\apple_emojis\adult-151.png (7 KB)
[2026-03-01 11:16:16]: Removed: Quadrix.app\Contents\Resources\apple_emojis\adult-152.png (7 KB)
[2026-03-01 11:16:16]: Removed: Quadrix.app\Contents\Resources\apple_emojis\adult-153.png (6 KB)
[2026-03-01 11:16:16]: Removed: Quadrix.app\Contents\Resources\apple_emojis\adult-154.png (7 KB)
[2026-03-01 11:16:16]: Removed: Quadrix.app\Contents\Resources\apple_emojis\adult-155.png (7 KB)
[2026-03-01 11:16:16]: Removed: Quadrix.app\Contents\Resources\apple_emojis\adult-156.png (6 KB)
[2026-03-01 11:16:16]: Removed: Quadrix.app\Contents\Resources\apple_emojis\adult-157.png (5 KB)
[2026-03-01 11:16:16]: Removed: Quadrix.app\Contents\Resources\apple_emojis\adult-158.png (7 KB)
[2026-03-01 11:16:16]: Removed: Quadrix.app\Contents\Resources\apple_emojis\adult-159.png (7 KB)
[2026-03-01 11:16:16]: Removed: Quadrix.app\Contents\Resources\apple_emojis\adult-16.png (7 KB)
[2026-03-01 11:16:16]: Removed: Quadrix.app\Contents\Resources\apple_emojis\adult-160.png (7 KB)
[2026-03-01 11:16:16]: Removed: Quadrix.app\Contents\Resources\apple_emojis\adult-161.png (7 KB)
[2026-03-01 11:16:16]: Removed: Quadrix.app\Contents\Resources\apple_emojis\adult-162.png (7 KB)
[2026-03-01 11:16:16]: Removed: Quadrix.app\Contents\Resources\apple_emojis\adult-163.png (7 KB)
[2026-03-01 11:16:16]: Removed: Quadrix.app\Contents\Resources\apple_emojis\adult-164.png (8 KB)
[2026-03-01 11:16:16]: Removed: Quadrix.app\Contents\Resources\apple_emojis\adult-165.png (5 KB)
[2026-03-01 11:16:16]: Removed: Quadrix.app\Contents\Resources\apple_emojis\adult-166.png (6 KB)
[2026-03-01 11:16:16]: Removed: Quadrix.app\Contents\Resources\apple_emojis\adult-167.png (7 KB)
[2026-03-01 11:16:16]: Removed: Quadrix.app\Contents\Resources\apple_emojis\adult-168.png (7 KB)
[2026-03-01 11:16:16]: Removed: Quadrix.app\Contents\Resources\apple_emojis\adult-169.png (8 KB)
[2026-03-01 11:16:16]: Removed: Quadrix.app\Contents\Resources\apple_emojis\adult-17.png (7 KB)
[2026-03-01 11:16:16]: Removed: Quadrix.app\Contents\Resources\apple_emojis\adult-170.png (6 KB)
[2026-03-01 11:16:16]: Removed: Quadrix.app\Contents\Resources\apple_emojis\adult-171.png (7 KB)
[2026-03-01 11:16:16]: Removed: Quadrix.app\Contents\Resources\apple_emojis\adult-172.png (7 KB)
[2026-03-01 11:16:16]: Removed: Quadrix.app\Contents\Resources\apple_emojis\adult-173.png (7 KB)
[2026-03-01 11:16:16]: Removed: Quadrix.app\Contents\Resources\apple_emojis\adult-174.png (6 KB)
[2026-03-01 11:16:16]: Removed: Quadrix.app\Contents\Resources\apple_emojis\adult-175.png (5 KB)
[2026-03-01 11:16:16]: Removed: Quadrix.app\Contents\Resources\apple_emojis\adult-176.png (7 KB)
[2026-03-01 11:16:16]: Removed: Quadrix.app\Contents\Resources\apple_emojis\adult-177.png (6 KB)
[2026-03-01 11:16:16]: Removed: Quadrix.app\Contents\Resources\apple_emojis\adult-178.png (6 KB)
[2026-03-01 11:16:16]: Removed: Quadrix.app\Contents\Resources\apple_emojis\adult-179.png (8 KB)
[2026-03-01 11:16:16]: Removed: Quadrix.app\Contents\Resources\apple_emojis\adult-18.png (7 KB)
[2026-03-01 11:16:16]: Removed: Quadrix.app\Contents\Resources\apple_emojis\adult-180.png (8 KB)
[2026-03-01 11:16:16]: Removed: Quadrix.app\Contents\Resources\apple_emojis\adult-181.png (7 KB)
[2026-03-01 11:16:16]: Removed: Quadrix.app\Contents\Resources\apple_emojis\adult-182.png (8 KB)
[2026-03-01 11:16:16]: Removed: Quadrix.app\Contents\Resources\apple_emojis\adult-183.png (7 KB)
[2026-03-01 11:16:16]: Removed: Quadrix.app\Contents\Resources\apple_emojis\adult-184.png (7 KB)
[2026-03-01 11:16:16]: Removed: Quadrix.app\Contents\Resources\apple_emojis\adult-185.png (5 KB)
[2026-03-01 11:16:16]: Removed: Quadrix.app\Contents\Resources\apple_emojis\adult-186.png (5 KB)
[2026-03-01 11:16:16]: Removed: Quadrix.app\Contents\Resources\apple_emojis\adult-187.png (7 KB)
[2026-03-01 11:16:16]: Removed: Quadrix.app\Contents\Resources\apple_emojis\adult-188.png (8 KB)
[2026-03-01 11:16:16]: Removed: Quadrix.app\Contents\Resources\apple_emojis\adult-189.png (6 KB)
[2026-03-01 11:16:16]: Removed: Quadrix.app\Contents\Resources\apple_emojis\adult-19.png (7 KB)
[2026-03-01 11:16:16]: Removed: Quadrix.app\Contents\Resources\apple_emojis\adult-190.png (6 KB)
[2026-03-01 11:16:16]: Removed: Quadrix.app\Contents\Resources\apple_emojis\adult-191.png (6 KB)
[2026-03-01 11:16:16]: Removed: Quadrix.app\Contents\Resources\apple_emojis\adult-192.png (5 KB)
[2026-03-01 11:16:16]: Removed: Quadrix.app\Contents\Resources\apple_emojis\adult-193.png (6 KB)
[2026-03-01 11:16:16]: Removed: Quadrix.app\Contents\Resources\apple_emojis\adult-194.png (7 KB)
[2026-03-01 11:16:16]: Removed: Quadrix.app\Contents\Resources\apple_emojis\adult-195.png (7 KB)
[2026-03-01 11:16:16]: Removed: Quadrix.app\Contents\Resources\apple_emojis\adult-196.png (8 KB)
[2026-03-01 11:16:16]: Removed: Quadrix.app\Contents\Resources\apple_emojis\adult-197.png (8 KB)
[2026-03-01 11:16:16]: Removed: Quadrix.app\Contents\Resources\apple_emojis\adult-198.png (6 KB)
[2026-03-01 11:16:16]: Removed: Quadrix.app\Contents\Resources\apple_emojis\adult-199.png (6 KB)
[2026-03-01 11:16:16]: Removed: Quadrix.app\Contents\Resources\apple_emojis\adult-2.png (6 KB)
[2026-03-01 11:16:16]: Removed: Quadrix.app\Contents\Resources\apple_emojis\adult-20.png (5 KB)
[2026-03-01 11:16:16]: Removed: Quadrix.app\Contents\Resources\apple_emojis\adult-200.png (7 KB)
[2026-03-01 11:16:16]: Removed: Quadrix.app\Contents\Resources\apple_emojis\adult-201.png (7 KB)
[2026-03-01 11:16:16]: Removed: Quadrix.app\Contents\Resources\apple_emojis\adult-202.png (7 KB)
[2026-03-01 11:16:16]: Removed: Quadrix.app\Contents\Resources\apple_emojis\adult-203.png (7 KB)
[2026-03-01 11:16:16]: Removed: Quadrix.app\Contents\Resources\apple_emojis\adult-204.png (6 KB)
[2026-03-01 11:16:16]: Removed: Quadrix.app\Contents\Resources\apple_emojis\adult-205.png (7 KB)
[2026-03-01 11:16:16]: Removed: Quadrix.app\Contents\Resources\apple_emojis\adult-206.png (6 KB)
[2026-03-01 11:16:16]: Removed: Quadrix.app\Contents\Resources\apple_emojis\adult-207.png (7 KB)
[2026-03-01 11:16:16]: Removed: Quadrix.app\Contents\Resources\apple_emojis\adult-208.png (8 KB)
[2026-03-01 11:16:16]: Removed: Quadrix.app\Contents\Resources\apple_emojis\adult-209.png (8 KB)
[2026-03-01 11:16:16]: Removed: Quadrix.app\Contents\Resources\apple_emojis\adult-21.png (7 KB)
[2026-03-01 11:16:16]: Removed: Quadrix.app\Contents\Resources\apple_emojis\adult-210.png (7 KB)
[2026-03-01 11:16:16]: Removed: Quadrix.app\Contents\Resources\apple_emojis\adult-211.png (7 KB)
[2026-03-01 11:16:16]: Removed: Quadrix.app\Contents\Resources\apple_emojis\adult-212.png (7 KB)
[2026-03-01 11:16:16]: Removed: Quadrix.app\Contents\Resources\apple_emojis\adult-213.png (5 KB)
[2026-03-01 11:16:16]: Removed: Quadrix.app\Contents\Resources\apple_emojis\adult-214.png (6 KB)
[2026-03-01 11:16:16]: Removed: Quadrix.app\Contents\Resources\apple_emojis\adult-215.png (6 KB)
[2026-03-01 11:16:16]: Removed: Quadrix.app\Contents\Resources\apple_emojis\adult-216.png (8 KB)
[2026-03-01 11:16:16]: Removed: Quadrix.app\Contents\Resources\apple_emojis\adult-217.png (5 KB)
[2026-03-01 11:16:16]: Removed: Quadrix.app\Contents\Resources\apple_emojis\adult-218.png (6 KB)
[2026-03-01 11:16:16]: Removed: Quadrix.app\Contents\Resources\apple_emojis\adult-219.png (7 KB)
[2026-03-01 11:16:16]: Removed: Quadrix.app\Contents\Resources\apple_emojis\adult-22.png (5 KB)
[2026-03-01 11:16:16]: Removed: Quadrix.app\Contents\Resources\apple_emojis\adult-220.png (5 KB)
[2026-03-01 11:16:16]: Removed: Quadrix.app\Contents\Resources\apple_emojis\adult-221.png (7 KB)
[2026-03-01 11:16:16]: Removed: Quadrix.app\Contents\Resources\apple_emojis\adult-222.png (5 KB)
[2026-03-01 11:16:16]: Removed: Quadrix.app\Contents\Resources\apple_emojis\adult-223.png (5 KB)
[2026-03-01 11:16:16]: Removed: Quadrix.app\Contents\Resources\apple_emojis\adult-224.png (7 KB)
[2026-03-01 11:16:16]: Removed: Quadrix.app\Contents\Resources\apple_emojis\adult-225.png (7 KB)
[2026-03-01 11:16:16]: Removed: Quadrix.app\Contents\Resources\apple_emojis\adult-226.png (5 KB)
[2026-03-01 11:16:16]: Removed: Quadrix.app\Contents\Resources\apple_emojis\adult-227.png (8 KB)
[2026-03-01 11:16:16]: Removed: Quadrix.app\Contents\Resources\apple_emojis\adult-228.png (8 KB)
[2026-03-01 11:16:16]: Removed: Quadrix.app\Contents\Resources\apple_emojis\adult-229.png (6 KB)
[2026-03-01 11:16:16]: Removed: Quadrix.app\Contents\Resources\apple_emojis\adult-23.png (6 KB)
[2026-03-01 11:16:16]: Removed: Quadrix.app\Contents\Resources\apple_emojis\adult-230.png (7 KB)
[2026-03-01 11:16:16]: Removed: Quadrix.app\Contents\Resources\apple_emojis\adult-231.png (7 KB)
[2026-03-01 11:16:16]: Removed: Quadrix.app\Contents\Resources\apple_emojis\adult-232.png (6 KB)
[2026-03-01 11:16:16]: Removed: Quadrix.app\Contents\Resources\apple_emojis\adult-233.png (7 KB)
[2026-03-01 11:16:16]: Removed: Quadrix.app\Contents\Resources\apple_emojis\adult-234.png (7 KB)
[2026-03-01 11:16:16]: Removed: Quadrix.app\Contents\Resources\apple_emojis\adult-235.png (6 KB)
[2026-03-01 11:16:16]: Removed: Quadrix.app\Contents\Resources\apple_emojis\adult-236.png (6 KB)
[2026-03-01 11:16:16]: Removed: Quadrix.app\Contents\Resources\apple_emojis\adult-237.png (7 KB)
[2026-03-01 11:16:16]: Removed: Quadrix.app\Contents\Resources\apple_emojis\adult-238.png (8 KB)
[2026-03-01 11:16:16]: Removed: Quadrix.app\Contents\Resources\apple_emojis\adult-239.png (7 KB)
[2026-03-01 11:16:16]: Removed: Quadrix.app\Contents\Resources\apple_emojis\adult-24.png (5 KB)
[2026-03-01 11:16:16]: Removed: Quadrix.app\Contents\Resources\apple_emojis\adult-240.png (6 KB)
[2026-03-01 11:16:16]: Removed: Quadrix.app\Contents\Resources\apple_emojis\adult-241.png (5 KB)
[2026-03-01 11:16:16]: Removed: Quadrix.app\Contents\Resources\apple_emojis\adult-242.png (7 KB)
[2026-03-01 11:16:16]: Removed: Quadrix.app\Contents\Resources\apple_emojis\adult-243.png (7 KB)
[2026-03-01 11:16:16]: Removed: Quadrix.app\Contents\Resources\apple_emojis\adult-25.png (5 KB)
[2026-03-01 11:16:16]: Removed: Quadrix.app\Contents\Resources\apple_emojis\adult-26.png (6 KB)
[2026-03-01 11:16:16]: Removed: Quadrix.app\Contents\Resources\apple_emojis\adult-27.png (7 KB)
[2026-03-01 11:16:16]: Removed: Quadrix.app\Contents\Resources\apple_emojis\adult-28.png (6 KB)
[2026-03-01 11:16:16]: Removed: Quadrix.app\Contents\Resources\apple_emojis\adult-29.png (6 KB)
[2026-03-01 11:16:16]: Removed: Quadrix.app\Contents\Resources\apple_emojis\adult-3.png (5 KB)
[2026-03-01 11:16:16]: Removed: Quadrix.app\Contents\Resources\apple_emojis\adult-30.png (5 KB)
[2026-03-01 11:16:16]: Removed: Quadrix.app\Contents\Resources\apple_emojis\adult-31.png (7 KB)
[2026-03-01 11:16:16]: Removed: Quadrix.app\Contents\Resources\apple_emojis\adult-32.png (7 KB)
[2026-03-01 11:16:16]: Removed: Quadrix.app\Contents\Resources\apple_emojis\adult-33.png (6 KB)
[2026-03-01 11:16:16]: Removed: Quadrix.app\Contents\Resources\apple_emojis\adult-34.png (6 KB)
[2026-03-01 11:16:16]: Removed: Quadrix.app\Contents\Resources\apple_emojis\adult-35.png (7 KB)
[2026-03-01 11:16:16]: Removed: Quadrix.app\Contents\Resources\apple_emojis\adult-36.png (5 KB)
[2026-03-01 11:16:16]: Removed: Quadrix.app\Contents\Resources\apple_emojis\adult-37.png (6 KB)
[2026-03-01 11:16:16]: Removed: Quadrix.app\Contents\Resources\apple_emojis\adult-38.png (6 KB)
[2026-03-01 11:16:16]: Removed: Quadrix.app\Contents\Resources\apple_emojis\adult-39.png (7 KB)
[2026-03-01 11:16:16]: Removed: Quadrix.app\Contents\Resources\apple_emojis\adult-4.png (7 KB)
[2026-03-01 11:16:16]: Removed: Quadrix.app\Contents\Resources\apple_emojis\adult-40.png (7 KB)
[2026-03-01 11:16:16]: Removed: Quadrix.app\Contents\Resources\apple_emojis\adult-41.png (6 KB)
[2026-03-01 11:16:16]: Removed: Quadrix.app\Contents\Resources\apple_emojis\adult-42.png (6 KB)
[2026-03-01 11:16:16]: Removed: Quadrix.app\Contents\Resources\apple_emojis\adult-43.png (7 KB)
[2026-03-01 11:16:16]: Removed: Quadrix.app\Contents\Resources\apple_emojis\adult-44.png (6 KB)
[2026-03-01 11:16:16]: Removed: Quadrix.app\Contents\Resources\apple_emojis\adult-45.png (7 KB)
[2026-03-01 11:16:16]: Removed: Quadrix.app\Contents\Resources\apple_emojis\adult-46.png (6 KB)
[2026-03-01 11:16:16]: Removed: Quadrix.app\Contents\Resources\apple_emojis\adult-47.png (7 KB)
[2026-03-01 11:16:16]: Removed: Quadrix.app\Contents\Resources\apple_emojis\adult-48.png (7 KB)
[2026-03-01 11:16:16]: Removed: Quadrix.app\Contents\Resources\apple_emojis\adult-49.png (7 KB)
[2026-03-01 11:16:16]: Removed: Quadrix.app\Contents\Resources\apple_emojis\adult-5.png (7 KB)
[2026-03-01 11:16:16]: Removed: Quadrix.app\Contents\Resources\apple_emojis\adult-50.png (7 KB)
[2026-03-01 11:16:16]: Removed: Quadrix.app\Contents\Resources\apple_emojis\adult-51.png (6 KB)
[2026-03-01 11:16:16]: Removed: Quadrix.app\Contents\Resources\apple_emojis\adult-52.png (6 KB)
[2026-03-01 11:16:16]: Removed: Quadrix.app\Contents\Resources\apple_emojis\adult-53.png (5 KB)
[2026-03-01 11:16:16]: Removed: Quadrix.app\Contents\Resources\apple_emojis\adult-54.png (6 KB)
[2026-03-01 11:16:16]: Removed: Quadrix.app\Contents\Resources\apple_emojis\adult-55.png (5 KB)
[2026-03-01 11:16:16]: Removed: Quadrix.app\Contents\Resources\apple_emojis\adult-56.png (7 KB)
[2026-03-01 11:16:16]: Removed: Quadrix.app\Contents\Resources\apple_emojis\adult-57.png (7 KB)
[2026-03-01 11:16:16]: Removed: Quadrix.app\Contents\Resources\apple_emojis\adult-58.png (4 KB)
[2026-03-01 11:16:16]: Removed: Quadrix.app\Contents\Resources\apple_emojis\adult-59.png (6 KB)
[2026-03-01 11:16:16]: Removed: Quadrix.app\Contents\Resources\apple_emojis\adult-6.png (7 KB)
[2026-03-01 11:16:16]: Removed: Quadrix.app\Contents\Resources\apple_emojis\adult-60.png (7 KB)
[2026-03-01 11:16:16]: Removed: Quadrix.app\Contents\Resources\apple_emojis\adult-61.png (6 KB)
[2026-03-01 11:16:16]: Removed: Quadrix.app\Contents\Resources\apple_emojis\adult-62.png (6 KB)
[2026-03-01 11:16:16]: Removed: Quadrix.app\Contents\Resources\apple_emojis\adult-63.png (6 KB)
[2026-03-01 11:16:16]: Removed: Quadrix.app\Contents\Resources\apple_emojis\adult-64.png (6 KB)
[2026-03-01 11:16:16]: Removed: Quadrix.app\Contents\Resources\apple_emojis\adult-65.png (7 KB)
[2026-03-01 11:16:16]: Removed: Quadrix.app\Contents\Resources\apple_emojis\adult-66.png (7 KB)
[2026-03-01 11:16:16]: Removed: Quadrix.app\Contents\Resources\apple_emojis\adult-67.png (4 KB)
[2026-03-01 11:16:16]: Removed: Quadrix.app\Contents\Resources\apple_emojis\adult-68.png (6 KB)
[2026-03-01 11:16:16]: Removed: Quadrix.app\Contents\Resources\apple_emojis\adult-69.png (6 KB)
[2026-03-01 11:16:16]: Removed: Quadrix.app\Contents\Resources\apple_emojis\adult-7.png (7 KB)
[2026-03-01 11:16:16]: Removed: Quadrix.app\Contents\Resources\apple_emojis\adult-70.png (6 KB)
[2026-03-01 11:16:16]: Removed: Quadrix.app\Contents\Resources\apple_emojis\adult-71.png (6 KB)
[2026-03-01 11:16:16]: Removed: Quadrix.app\Contents\Resources\apple_emojis\adult-72.png (7 KB)
[2026-03-01 11:16:16]: Removed: Quadrix.app\Contents\Resources\apple_emojis\adult-73.png (7 KB)
[2026-03-01 11:16:16]: Removed: Quadrix.app\Contents\Resources\apple_emojis\adult-74.png (6 KB)
[2026-03-01 11:16:16]: Removed: Quadrix.app\Contents\Resources\apple_emojis\adult-75.png (7 KB)
[2026-03-01 11:16:16]: Removed: Quadrix.app\Contents\Resources\apple_emojis\adult-76.png (5 KB)
[2026-03-01 11:16:16]: Removed: Quadrix.app\Contents\Resources\apple_emojis\adult-77.png (5 KB)
[2026-03-01 11:16:16]: Removed: Quadrix.app\Contents\Resources\apple_emojis\adult-78.png (5 KB)
[2026-03-01 11:16:16]: Removed: Quadrix.app\Contents\Resources\apple_emojis\adult-79.png (7 KB)
[2026-03-01 11:16:16]: Removed: Quadrix.app\Contents\Resources\apple_emojis\adult-8.png (7 KB)
[2026-03-01 11:16:16]: Removed: Quadrix.app\Contents\Resources\apple_emojis\adult-80.png (6 KB)
[2026-03-01 11:16:16]: Removed: Quadrix.app\Contents\Resources\apple_emojis\adult-81.png (5 KB)
[2026-03-01 11:16:16]: Removed: Quadrix.app\Contents\Resources\apple_emojis\adult-82.png (5 KB)
[2026-03-01 11:16:16]: Removed: Quadrix.app\Contents\Resources\apple_emojis\adult-83.png (6 KB)
[2026-03-01 11:16:16]: Removed: Quadrix.app\Contents\Resources\apple_emojis\adult-84.png (7 KB)
[2026-03-01 11:16:16]: Removed: Quadrix.app\Contents\Resources\apple_emojis\adult-85.png (6 KB)
[2026-03-01 11:16:16]: Removed: Quadrix.app\Contents\Resources\apple_emojis\adult-86.png (7 KB)
[2026-03-01 11:16:16]: Removed: Quadrix.app\Contents\Resources\apple_emojis\adult-87.png (7 KB)
[2026-03-01 11:16:16]: Removed: Quadrix.app\Contents\Resources\apple_emojis\adult-88.png (6 KB)
[2026-03-01 11:16:16]: Removed: Quadrix.app\Contents\Resources\apple_emojis\adult-89.png (6 KB)
[2026-03-01 11:16:16]: Removed: Quadrix.app\Contents\Resources\apple_emojis\adult-9.png (6 KB)
[2026-03-01 11:16:16]: Removed: Quadrix.app\Contents\Resources\apple_emojis\adult-90.png (6 KB)
[2026-03-01 11:16:16]: Removed: Quadrix.app\Contents\Resources\apple_emojis\adult-91.png (7 KB)
[2026-03-01 11:16:16]: Removed: Quadrix.app\Contents\Resources\apple_emojis\adult-92.png (7 KB)
[2026-03-01 11:16:16]: Removed: Quadrix.app\Contents\Resources\apple_emojis\adult-93.png (7 KB)
[2026-03-01 11:16:16]: Removed: Quadrix.app\Contents\Resources\apple_emojis\adult-94.png (6 KB)
[2026-03-01 11:16:16]: Removed: Quadrix.app\Contents\Resources\apple_emojis\adult-95.png (7 KB)
[2026-03-01 11:16:16]: Removed: Quadrix.app\Contents\Resources\apple_emojis\adult-96.png (6 KB)
[2026-03-01 11:16:16]: Removed: Quadrix.app\Contents\Resources\apple_emojis\adult-97.png (8 KB)
[2026-03-01 11:16:16]: Removed: Quadrix.app\Contents\Resources\apple_emojis\adult-98.png (6 KB)
[2026-03-01 11:16:16]: Removed: Quadrix.app\Contents\Resources\apple_emojis\adult-99.png (6 KB)
[2026-03-01 11:16:16]: Removed: Quadrix.app\Contents\Resources\apple_emojis\adult.png (5 KB)
[2026-03-01 11:16:16]: Removed: Quadrix.app\Contents\Resources\apple_emojis\ahtapot.png (7 KB)
[2026-03-01 11:16:16]: Removed: Quadrix.app\Contents\Resources\apple_emojis\akçaağaç-yaprağı.png (6 KB)
[2026-03-01 11:16:16]: Removed: Quadrix.app\Contents\Resources\apple_emojis\akan-yıldız.png (7 KB)
[2026-03-01 11:16:16]: Removed: Quadrix.app\Contents\Resources\apple_emojis\akrep.png (6 KB)
[2026-03-01 11:16:16]: Removed: Quadrix.app\Contents\Resources\apple_emojis\alarm-clock.png (9 KB)
[2026-03-01 11:16:16]: Removed: Quadrix.app\Contents\Resources\apple_emojis\alembic.png (7 KB)
[2026-03-01 11:16:16]: Removed: Quadrix.app\Contents\Resources\apple_emojis\aletler-varyasyon-1f6e0-fe0f.png (7 KB)
[2026-03-01 11:16:16]: Removed: Quadrix.app\Contents\Resources\apple_emojis\alien-monster.png (5 KB)
[2026-03-01 11:16:16]: Removed: Quadrix.app\Contents\Resources\apple_emojis\almanya-bayrağı.png (3 KB)
[2026-03-01 11:16:16]: Removed: Quadrix.app\Contents\Resources\apple_emojis\ambulans.png (7 KB)
[2026-03-01 11:16:16]: Removed: Quadrix.app\Contents\Resources\apple_emojis\amerika-bayrağı.png (6 KB)
[2026-03-01 11:16:16]: Removed: Quadrix.app\Contents\Resources\apple_emojis\amerikan-futbolu.png (8 KB)
[2026-03-01 11:16:16]: Removed: Quadrix.app\Contents\Resources\apple_emojis\ampul.png (4 KB)
[2026-03-01 11:16:16]: Removed: Quadrix.app\Contents\Resources\apple_emojis\anahtar.png (5 KB)
[2026-03-01 11:16:16]: Removed: Quadrix.app\Contents\Resources\apple_emojis\ananas.png (6 KB)
[2026-03-01 11:16:16]: Removed: Quadrix.app\Contents\Resources\apple_emojis\anatomical-kalp.png (7 KB)
[2026-03-01 11:16:16]: Removed: Quadrix.app\Contents\Resources\apple_emojis\anger-symbol.png (3 KB)
[2026-03-01 11:16:16]: Removed: Quadrix.app\Contents\Resources\apple_emojis\antenna-ile-bars.png (3 KB)
[2026-03-01 11:16:16]: Removed: Quadrix.app\Contents\Resources\apple_emojis\anticlockwise-aşağı-and-yukarı-açık-daire-oklar.png (5 KB)
[2026-03-01 11:16:16]: Removed: Quadrix.app\Contents\Resources\apple_emojis\aquarius.png (4 KB)
[2026-03-01 11:16:16]: Removed: Quadrix.app\Contents\Resources\apple_emojis\arı.png (8 KB)
[2026-03-01 11:16:16]: Removed: Quadrix.app\Contents\Resources\apple_emojis\araba.png (6 KB)
[2026-03-01 11:16:16]: Removed: Quadrix.app\Contents\Resources\apple_emojis\aries.png (4 KB)
[2026-03-01 11:16:16]: Removed: Quadrix.app\Contents\Resources\apple_emojis\armut.png (5 KB)
[2026-03-01 11:16:16]: Removed: Quadrix.app\Contents\Resources\apple_emojis\artist-palette.png (7 KB)
[2026-03-01 11:16:16]: Removed: Quadrix.app\Contents\Resources\apple_emojis\aslan.png (8 KB)
[2026-03-01 11:16:16]: Removed: Quadrix.app\Contents\Resources\apple_emojis\asma-demiryolu.png (6 KB)
[2026-03-01 11:16:16]: Removed: Quadrix.app\Contents\Resources\apple_emojis\asterisk.png (4 KB)
[2026-03-01 11:16:16]: Removed: Quadrix.app\Contents\Resources\apple_emojis\ataş.png (7 KB)
[2026-03-01 11:16:16]: Removed: Quadrix.app\Contents\Resources\apple_emojis\atan-kalp.png (4 KB)
[2026-03-01 11:16:16]: Removed: Quadrix.app\Contents\Resources\apple_emojis\ateş.png (6 KB)
[2026-03-01 11:16:16]: Removed: Quadrix.app\Contents\Resources\apple_emojis\athletic-shoe.png (6 KB)
[2026-03-01 11:16:16]: Removed: Quadrix.app\Contents\Resources\apple_emojis\atom-symbol.png (6 KB)
[2026-03-01 11:16:16]: Removed: Quadrix.app\Contents\Resources\apple_emojis\automated-teller-makine.png (4 KB)
[2026-03-01 11:16:16]: Removed: Quadrix.app\Contents\Resources\apple_emojis\avokado.png (7 KB)
[2026-03-01 11:16:16]: Removed: Quadrix.app\Contents\Resources\apple_emojis\avustralya-bayrağı.png (5 KB)
[2026-03-01 11:16:16]: Removed: Quadrix.app\Contents\Resources\apple_emojis\axe.png (4 KB)
[2026-03-01 11:16:16]: Removed: Quadrix.app\Contents\Resources\apple_emojis\ayçiçeği.png (7 KB)
[2026-03-01 11:16:16]: Removed: Quadrix.app\Contents\Resources\apple_emojis\ayı-varyasyon-1f43b-200d-2744-fe0f.png (6 KB)
[2026-03-01 11:16:16]: Removed: Quadrix.app\Contents\Resources\apple_emojis\ayı.png (7 KB)
[2026-03-01 11:16:16]: Removed: Quadrix.app\Contents\Resources\apple_emojis\ay-pasta.png (8 KB)
[2026-03-01 11:16:16]: Removed: Quadrix.app\Contents\Resources\apple_emojis\ay-viewing-ceremony.png (8 KB)
[2026-03-01 11:16:16]: Removed: Quadrix.app\Contents\Resources\apple_emojis\azalan-ay.png (7 KB)
[2026-03-01 11:16:16]: Removed: Quadrix.app\Contents\Resources\apple_emojis\azimli-yüz.png (7 KB)
[2026-03-01 11:16:16]: Removed: Quadrix.app\Contents\Resources\apple_emojis\böcek.png (6 KB)
[2026-03-01 11:16:16]: Removed: Quadrix.app\Contents\Resources\apple_emojis\büyük-kırmızı-daire.png (3 KB)
[2026-03-01 11:16:16]: Removed: Quadrix.app\Contents\Resources\apple_emojis\büyük-kırmızı-kare.png (1 KB)
[2026-03-01 11:16:16]: Removed: Quadrix.app\Contents\Resources\apple_emojis\büyük-kahverengi-daire.png (3 KB)
[2026-03-01 11:16:16]: Removed: Quadrix.app\Contents\Resources\apple_emojis\büyük-kahverengi-kare.png (1 KB)
[2026-03-01 11:16:16]: Removed: Quadrix.app\Contents\Resources\apple_emojis\büyük-mavi-daire.png (3 KB)
[2026-03-01 11:16:16]: Removed: Quadrix.app\Contents\Resources\apple_emojis\büyük-mavi-elmas.png (3 KB)
[2026-03-01 11:16:16]: Removed: Quadrix.app\Contents\Resources\apple_emojis\büyük-mavi-kare.png (1 KB)
[2026-03-01 11:16:16]: Removed: Quadrix.app\Contents\Resources\apple_emojis\büyük-mor-daire.png (3 KB)
[2026-03-01 11:16:16]: Removed: Quadrix.app\Contents\Resources\apple_emojis\büyük-mor-kare.png (1 KB)
[2026-03-01 11:16:16]: Removed: Quadrix.app\Contents\Resources\apple_emojis\büyük-sarı-daire.png (3 KB)
[2026-03-01 11:16:16]: Removed: Quadrix.app\Contents\Resources\apple_emojis\büyük-sarı-kare.png (1 KB)
[2026-03-01 11:16:16]: Removed: Quadrix.app\Contents\Resources\apple_emojis\büyük-turuncu-daire.png (3 KB)
[2026-03-01 11:16:16]: Removed: Quadrix.app\Contents\Resources\apple_emojis\büyük-turuncu-elmas.png (2 KB)
[2026-03-01 11:16:16]: Removed: Quadrix.app\Contents\Resources\apple_emojis\büyük-turuncu-kare.png (1 KB)
[2026-03-01 11:16:16]: Removed: Quadrix.app\Contents\Resources\apple_emojis\büyük-yeşil-daire.png (3 KB)
[2026-03-01 11:16:16]: Removed: Quadrix.app\Contents\Resources\apple_emojis\büyük-yeşil-kare.png (1 KB)
[2026-03-01 11:16:16]: Removed: Quadrix.app\Contents\Resources\apple_emojis\büyüyen-kalp.png (6 KB)
[2026-03-01 11:16:16]: Removed: Quadrix.app\Contents\Resources\apple_emojis\bağlı-ataşlar.png (8 KB)
[2026-03-01 11:16:16]: Removed: Quadrix.app\Contents\Resources\apple_emojis\bağlantı-symbol.png (7 KB)
[2026-03-01 11:16:16]: Removed: Quadrix.app\Contents\Resources\apple_emojis\başak-1.png (4 KB)
[2026-03-01 11:16:16]: Removed: Quadrix.app\Contents\Resources\apple_emojis\başak-2.png (4 KB)
[2026-03-01 11:16:16]: Removed: Quadrix.app\Contents\Resources\apple_emojis\başak-3.png (4 KB)
[2026-03-01 11:16:16]: Removed: Quadrix.app\Contents\Resources\apple_emojis\başak-4.png (4 KB)
[2026-03-01 11:16:16]: Removed: Quadrix.app\Contents\Resources\apple_emojis\başak-5.png (4 KB)
[2026-03-01 11:16:16]: Removed: Quadrix.app\Contents\Resources\apple_emojis\başak-ile-hearing-aid-1.png (5 KB)
[2026-03-01 11:16:16]: Removed: Quadrix.app\Contents\Resources\apple_emojis\başak-ile-hearing-aid-2.png (5 KB)
[2026-03-01 11:16:16]: Removed: Quadrix.app\Contents\Resources\apple_emojis\başak-ile-hearing-aid-3.png (5 KB)
[2026-03-01 11:16:16]: Removed: Quadrix.app\Contents\Resources\apple_emojis\başak-ile-hearing-aid-4.png (5 KB)
[2026-03-01 11:16:16]: Removed: Quadrix.app\Contents\Resources\apple_emojis\başak-ile-hearing-aid-5.png (6 KB)
[2026-03-01 11:16:16]: Removed: Quadrix.app\Contents\Resources\apple_emojis\başak-ile-hearing-aid.png (5 KB)
[2026-03-01 11:16:16]: Removed: Quadrix.app\Contents\Resources\apple_emojis\başak.png (5 KB)
[2026-03-01 11:16:16]: Removed: Quadrix.app\Contents\Resources\apple_emojis\back-ile-leftwards-ok-above.png (3 KB)
[2026-03-01 11:16:16]: Removed: Quadrix.app\Contents\Resources\apple_emojis\bactrian-deve.png (6 KB)
[2026-03-01 11:16:16]: Removed: Quadrix.app\Contents\Resources\apple_emojis\badger.png (4 KB)
[2026-03-01 11:16:16]: Removed: Quadrix.app\Contents\Resources\apple_emojis\badminton.png (7 KB)
[2026-03-01 11:16:16]: Removed: Quadrix.app\Contents\Resources\apple_emojis\baget-ekmek.png (5 KB)
[2026-03-01 11:16:16]: Removed: Quadrix.app\Contents\Resources\apple_emojis\baggage-claim.png (3 KB)
[2026-03-01 11:16:16]: Removed: Quadrix.app\Contents\Resources\apple_emojis\balık-pasta-ile-swirl-design.png (6 KB)
[2026-03-01 11:16:16]: Removed: Quadrix.app\Contents\Resources\apple_emojis\balık.png (6 KB)
[2026-03-01 11:16:16]: Removed: Quadrix.app\Contents\Resources\apple_emojis\bal-kavanozu.png (7 KB)
[2026-03-01 11:16:16]: Removed: Quadrix.app\Contents\Resources\apple_emojis\balina.png (6 KB)
[2026-03-01 11:16:16]: Removed: Quadrix.app\Contents\Resources\apple_emojis\ballet-shoes.png (6 KB)
[2026-03-01 11:16:16]: Removed: Quadrix.app\Contents\Resources\apple_emojis\balloon.png (4 KB)
[2026-03-01 11:16:16]: Removed: Quadrix.app\Contents\Resources\apple_emojis\balon-balığı.png (8 KB)
[2026-03-01 11:16:16]: Removed: Quadrix.app\Contents\Resources\apple_emojis\banjo.png (4 KB)
[2026-03-01 11:16:16]: Removed: Quadrix.app\Contents\Resources\apple_emojis\bank.png (7 KB)
[2026-03-01 11:16:16]: Removed: Quadrix.app\Contents\Resources\apple_emojis\banyo-1.png (6 KB)
[2026-03-01 11:16:16]: Removed: Quadrix.app\Contents\Resources\apple_emojis\banyo-2.png (6 KB)
[2026-03-01 11:16:16]: Removed: Quadrix.app\Contents\Resources\apple_emojis\banyo-3.png (6 KB)
[2026-03-01 11:16:16]: Removed: Quadrix.app\Contents\Resources\apple_emojis\banyo-4.png (6 KB)
[2026-03-01 11:16:16]: Removed: Quadrix.app\Contents\Resources\apple_emojis\banyo-5.png (6 KB)
[2026-03-01 11:16:16]: Removed: Quadrix.app\Contents\Resources\apple_emojis\banyo.png (6 KB)
[2026-03-01 11:16:16]: Removed: Quadrix.app\Contents\Resources\apple_emojis\barber-pole.png (5 KB)
[2026-03-01 11:16:16]: Removed: Quadrix.app\Contents\Resources\apple_emojis\bardak-of-milk.png (5 KB)
[2026-03-01 11:16:16]: Removed: Quadrix.app\Contents\Resources\apple_emojis\bardak.png (5 KB)
[2026-03-01 11:16:16]: Removed: Quadrix.app\Contents\Resources\apple_emojis\basket.png (8 KB)
[2026-03-01 11:16:16]: Removed: Quadrix.app\Contents\Resources\apple_emojis\basketbol.png (9 KB)
[2026-03-01 11:16:16]: Removed: Quadrix.app\Contents\Resources\apple_emojis\bathtub.png (7 KB)
[2026-03-01 11:16:16]: Removed: Quadrix.app\Contents\Resources\apple_emojis\baykuş.png (7 KB)
[2026-03-01 11:16:16]: Removed: Quadrix.app\Contents\Resources\apple_emojis\bayraklı-in-delik.png (4 KB)
[2026-03-01 11:16:16]: Removed: Quadrix.app\Contents\Resources\apple_emojis\beach-ile-şemsiye.png (6 KB)
[2026-03-01 11:16:16]: Removed: Quadrix.app\Contents\Resources\apple_emojis\beans.png (6 KB)
[2026-03-01 11:16:16]: Removed: Quadrix.app\Contents\Resources\apple_emojis\bearded-kişi-1.png (6 KB)
[2026-03-01 11:16:16]: Removed: Quadrix.app\Contents\Resources\apple_emojis\bearded-kişi-10.png (6 KB)
[2026-03-01 11:16:16]: Removed: Quadrix.app\Contents\Resources\apple_emojis\bearded-kişi-11.png (6 KB)
[2026-03-01 11:16:16]: Removed: Quadrix.app\Contents\Resources\apple_emojis\bearded-kişi-12.png (7 KB)
[2026-03-01 11:16:16]: Removed: Quadrix.app\Contents\Resources\apple_emojis\bearded-kişi-13.png (7 KB)
[2026-03-01 11:16:16]: Removed: Quadrix.app\Contents\Resources\apple_emojis\bearded-kişi-14.png (8 KB)
[2026-03-01 11:16:16]: Removed: Quadrix.app\Contents\Resources\apple_emojis\bearded-kişi-15.png (7 KB)
[2026-03-01 11:16:16]: Removed: Quadrix.app\Contents\Resources\apple_emojis\bearded-kişi-16.png (6 KB)
[2026-03-01 11:16:16]: Removed: Quadrix.app\Contents\Resources\apple_emojis\bearded-kişi-17.png (7 KB)
[2026-03-01 11:16:16]: Removed: Quadrix.app\Contents\Resources\apple_emojis\bearded-kişi-2.png (7 KB)
[2026-03-01 11:16:16]: Removed: Quadrix.app\Contents\Resources\apple_emojis\bearded-kişi-3.png (8 KB)
[2026-03-01 11:16:16]: Removed: Quadrix.app\Contents\Resources\apple_emojis\bearded-kişi-4.png (6 KB)
[2026-03-01 11:16:16]: Removed: Quadrix.app\Contents\Resources\apple_emojis\bearded-kişi-5.png (8 KB)
[2026-03-01 11:16:16]: Removed: Quadrix.app\Contents\Resources\apple_emojis\bearded-kişi-6.png (7 KB)
[2026-03-01 11:16:16]: Removed: Quadrix.app\Contents\Resources\apple_emojis\bearded-kişi-7.png (6 KB)
[2026-03-01 11:16:16]: Removed: Quadrix.app\Contents\Resources\apple_emojis\bearded-kişi-8.png (6 KB)
[2026-03-01 11:16:16]: Removed: Quadrix.app\Contents\Resources\apple_emojis\bearded-kişi-9.png (7 KB)
[2026-03-01 11:16:16]: Removed: Quadrix.app\Contents\Resources\apple_emojis\bearded-kişi.png (7 KB)
[2026-03-01 11:16:16]: Removed: Quadrix.app\Contents\Resources\apple_emojis\beaver.png (6 KB)
[2026-03-01 11:16:16]: Removed: Quadrix.app\Contents\Resources\apple_emojis\bebek-şişe.png (5 KB)
[2026-03-01 11:16:16]: Removed: Quadrix.app\Contents\Resources\apple_emojis\bebek-1.png (6 KB)
[2026-03-01 11:16:16]: Removed: Quadrix.app\Contents\Resources\apple_emojis\bebek-2.png (6 KB)
[2026-03-01 11:16:16]: Removed: Quadrix.app\Contents\Resources\apple_emojis\bebek-3.png (6 KB)
[2026-03-01 11:16:16]: Removed: Quadrix.app\Contents\Resources\apple_emojis\bebek-4.png (6 KB)
[2026-03-01 11:16:16]: Removed: Quadrix.app\Contents\Resources\apple_emojis\bebek-5.png (6 KB)
[2026-03-01 11:16:16]: Removed: Quadrix.app\Contents\Resources\apple_emojis\bebek-melek-1.png (6 KB)
[2026-03-01 11:16:16]: Removed: Quadrix.app\Contents\Resources\apple_emojis\bebek-melek-2.png (7 KB)
[2026-03-01 11:16:16]: Removed: Quadrix.app\Contents\Resources\apple_emojis\bebek-melek-3.png (6 KB)
[2026-03-01 11:16:16]: Removed: Quadrix.app\Contents\Resources\apple_emojis\bebek-melek-4.png (7 KB)
[2026-03-01 11:16:16]: Removed: Quadrix.app\Contents\Resources\apple_emojis\bebek-melek-5.png (7 KB)
[2026-03-01 11:16:16]: Removed: Quadrix.app\Contents\Resources\apple_emojis\bebek-melek.png (6 KB)
[2026-03-01 11:16:16]: Removed: Quadrix.app\Contents\Resources\apple_emojis\bebek-symbol.png (3 KB)
[2026-03-01 11:16:16]: Removed: Quadrix.app\Contents\Resources\apple_emojis\bebek.png (6 KB)
[2026-03-01 11:16:16]: Removed: Quadrix.app\Contents\Resources\apple_emojis\bellhop-zil.png (7 KB)
[2026-03-01 11:16:16]: Removed: Quadrix.app\Contents\Resources\apple_emojis\bento-kutusu.png (9 KB)
[2026-03-01 11:16:16]: Removed: Quadrix.app\Contents\Resources\apple_emojis\beyaz-çiçek.png (6 KB)
[2026-03-01 11:16:16]: Removed: Quadrix.app\Contents\Resources\apple_emojis\beyaz-ünlem-işaret-ornament.png (1 KB)
[2026-03-01 11:16:16]: Removed: Quadrix.app\Contents\Resources\apple_emojis\beyaz-büyük-kare.png (1 KB)
[2026-03-01 11:16:16]: Removed: Quadrix.app\Contents\Resources\apple_emojis\beyaz-down-pointing-backhand-indeks-1.png (4 KB)
[2026-03-01 11:16:16]: Removed: Quadrix.app\Contents\Resources\apple_emojis\beyaz-down-pointing-backhand-indeks-2.png (3 KB)
[2026-03-01 11:16:16]: Removed: Quadrix.app\Contents\Resources\apple_emojis\beyaz-down-pointing-backhand-indeks-3.png (3 KB)
[2026-03-01 11:16:16]: Removed: Quadrix.app\Contents\Resources\apple_emojis\beyaz-down-pointing-backhand-indeks-4.png (3 KB)
[2026-03-01 11:16:16]: Removed: Quadrix.app\Contents\Resources\apple_emojis\beyaz-down-pointing-backhand-indeks-5.png (3 KB)
[2026-03-01 11:16:16]: Removed: Quadrix.app\Contents\Resources\apple_emojis\beyaz-down-pointing-backhand-indeks.png (4 KB)
[2026-03-01 11:16:16]: Removed: Quadrix.app\Contents\Resources\apple_emojis\beyaz-gülümseyen-yüz.png (6 KB)
[2026-03-01 11:16:16]: Removed: Quadrix.app\Contents\Resources\apple_emojis\beyaz-güneş-arkasında-bulut-ile-yağmur.png (6 KB)
[2026-03-01 11:16:16]: Removed: Quadrix.app\Contents\Resources\apple_emojis\beyaz-güneş-arkasında-bulut.png (5 KB)
[2026-03-01 11:16:16]: Removed: Quadrix.app\Contents\Resources\apple_emojis\beyaz-güneş-ile-küçük-bulut.png (6 KB)
[2026-03-01 11:16:16]: Removed: Quadrix.app\Contents\Resources\apple_emojis\beyaz-heavy-check-işaret.png (3 KB)
[2026-03-01 11:16:16]: Removed: Quadrix.app\Contents\Resources\apple_emojis\beyaz-küçük-kare.png (1 KB)
[2026-03-01 11:16:16]: Removed: Quadrix.app\Contents\Resources\apple_emojis\beyaz-kalp.png (3 KB)
[2026-03-01 11:16:16]: Removed: Quadrix.app\Contents\Resources\apple_emojis\beyaz-kare-düğme.png (1 KB)
[2026-03-01 11:16:16]: Removed: Quadrix.app\Contents\Resources\apple_emojis\beyaz-orta-küçük-kare.png (1 KB)
[2026-03-01 11:16:16]: Removed: Quadrix.app\Contents\Resources\apple_emojis\beyaz-orta-kare.png (1 KB)
[2026-03-01 11:16:16]: Removed: Quadrix.app\Contents\Resources\apple_emojis\beyaz-sağ-pointing-backhand-indeks-1.png (3 KB)
[2026-03-01 11:16:16]: Removed: Quadrix.app\Contents\Resources\apple_emojis\beyaz-sağ-pointing-backhand-indeks-2.png (3 KB)
[2026-03-01 11:16:16]: Removed: Quadrix.app\Contents\Resources\apple_emojis\beyaz-sağ-pointing-backhand-indeks-3.png (3 KB)
[2026-03-01 11:16:16]: Removed: Quadrix.app\Contents\Resources\apple_emojis\beyaz-sağ-pointing-backhand-indeks-4.png (3 KB)
[2026-03-01 11:16:16]: Removed: Quadrix.app\Contents\Resources\apple_emojis\beyaz-sağ-pointing-backhand-indeks-5.png (3 KB)
[2026-03-01 11:16:16]: Removed: Quadrix.app\Contents\Resources\apple_emojis\beyaz-sağ-pointing-backhand-indeks.png (3 KB)
[2026-03-01 11:16:16]: Removed: Quadrix.app\Contents\Resources\apple_emojis\beyaz-sol-pointing-backhand-indeks-1.png (3 KB)
[2026-03-01 11:16:16]: Removed: Quadrix.app\Contents\Resources\apple_emojis\beyaz-sol-pointing-backhand-indeks-2.png (3 KB)
[2026-03-01 11:16:16]: Removed: Quadrix.app\Contents\Resources\apple_emojis\beyaz-sol-pointing-backhand-indeks-3.png (3 KB)
[2026-03-01 11:16:16]: Removed: Quadrix.app\Contents\Resources\apple_emojis\beyaz-sol-pointing-backhand-indeks-4.png (3 KB)
[2026-03-01 11:16:16]: Removed: Quadrix.app\Contents\Resources\apple_emojis\beyaz-sol-pointing-backhand-indeks-5.png (3 KB)
[2026-03-01 11:16:16]: Removed: Quadrix.app\Contents\Resources\apple_emojis\beyaz-sol-pointing-backhand-indeks.png (3 KB)
[2026-03-01 11:16:16]: Removed: Quadrix.app\Contents\Resources\apple_emojis\beyaz-somurtan-yüz.png (6 KB)
[2026-03-01 11:16:16]: Removed: Quadrix.app\Contents\Resources\apple_emojis\beyaz-soru-işaret-ornament.png (2 KB)
[2026-03-01 11:16:16]: Removed: Quadrix.app\Contents\Resources\apple_emojis\beyaz-yukarı-pointing-backhand-indeks-1.png (4 KB)
[2026-03-01 11:16:16]: Removed: Quadrix.app\Contents\Resources\apple_emojis\beyaz-yukarı-pointing-backhand-indeks-2.png (3 KB)
[2026-03-01 11:16:16]: Removed: Quadrix.app\Contents\Resources\apple_emojis\beyaz-yukarı-pointing-backhand-indeks-3.png (3 KB)
[2026-03-01 11:16:16]: Removed: Quadrix.app\Contents\Resources\apple_emojis\beyaz-yukarı-pointing-backhand-indeks-4.png (4 KB)
[2026-03-01 11:16:16]: Removed: Quadrix.app\Contents\Resources\apple_emojis\beyaz-yukarı-pointing-backhand-indeks-5.png (3 KB)
[2026-03-01 11:16:16]: Removed: Quadrix.app\Contents\Resources\apple_emojis\beyaz-yukarı-pointing-backhand-indeks.png (4 KB)
[2026-03-01 11:16:16]: Removed: Quadrix.app\Contents\Resources\apple_emojis\beyaz-yukarı-pointing-indeks-1.png (4 KB)
[2026-03-01 11:16:16]: Removed: Quadrix.app\Contents\Resources\apple_emojis\beyaz-yukarı-pointing-indeks-2.png (4 KB)
[2026-03-01 11:16:16]: Removed: Quadrix.app\Contents\Resources\apple_emojis\beyaz-yukarı-pointing-indeks-3.png (4 KB)
[2026-03-01 11:16:16]: Removed: Quadrix.app\Contents\Resources\apple_emojis\beyaz-yukarı-pointing-indeks-4.png (4 KB)
[2026-03-01 11:16:16]: Removed: Quadrix.app\Contents\Resources\apple_emojis\beyaz-yukarı-pointing-indeks-5.png (4 KB)
[2026-03-01 11:16:16]: Removed: Quadrix.app\Contents\Resources\apple_emojis\beyaz-yukarı-pointing-indeks.png (4 KB)
[2026-03-01 11:16:16]: Removed: Quadrix.app\Contents\Resources\apple_emojis\beyzbol.png (8 KB)
[2026-03-01 11:16:16]: Removed: Quadrix.app\Contents\Resources\apple_emojis\bicyclist-1.png (8 KB)
[2026-03-01 11:16:16]: Removed: Quadrix.app\Contents\Resources\apple_emojis\bicyclist-10.png (8 KB)
[2026-03-01 11:16:16]: Removed: Quadrix.app\Contents\Resources\apple_emojis\bicyclist-11.png (8 KB)
[2026-03-01 11:16:16]: Removed: Quadrix.app\Contents\Resources\apple_emojis\bicyclist-12.png (8 KB)
[2026-03-01 11:16:16]: Removed: Quadrix.app\Contents\Resources\apple_emojis\bicyclist-13.png (8 KB)
[2026-03-01 11:16:16]: Removed: Quadrix.app\Contents\Resources\apple_emojis\bicyclist-14.png (8 KB)
[2026-03-01 11:16:16]: Removed: Quadrix.app\Contents\Resources\apple_emojis\bicyclist-15.png (8 KB)
[2026-03-01 11:16:16]: Removed: Quadrix.app\Contents\Resources\apple_emojis\bicyclist-16.png (8 KB)
[2026-03-01 11:16:16]: Removed: Quadrix.app\Contents\Resources\apple_emojis\bicyclist-17.png (8 KB)
[2026-03-01 11:16:16]: Removed: Quadrix.app\Contents\Resources\apple_emojis\bicyclist-2.png (8 KB)
[2026-03-01 11:16:16]: Removed: Quadrix.app\Contents\Resources\apple_emojis\bicyclist-3.png (8 KB)
[2026-03-01 11:16:16]: Removed: Quadrix.app\Contents\Resources\apple_emojis\bicyclist-4.png (8 KB)
[2026-03-01 11:16:16]: Removed: Quadrix.app\Contents\Resources\apple_emojis\bicyclist-5.png (8 KB)
[2026-03-01 11:16:16]: Removed: Quadrix.app\Contents\Resources\apple_emojis\bicyclist-6.png (8 KB)
[2026-03-01 11:16:16]: Removed: Quadrix.app\Contents\Resources\apple_emojis\bicyclist-7.png (8 KB)
[2026-03-01 11:16:16]: Removed: Quadrix.app\Contents\Resources\apple_emojis\bicyclist-8.png (8 KB)
[2026-03-01 11:16:16]: Removed: Quadrix.app\Contents\Resources\apple_emojis\bicyclist-9.png (8 KB)
[2026-03-01 11:16:16]: Removed: Quadrix.app\Contents\Resources\apple_emojis\bicyclist.png (8 KB)
[2026-03-01 11:16:16]: Removed: Quadrix.app\Contents\Resources\apple_emojis\bikini.png (5 KB)
[2026-03-01 11:16:16]: Removed: Quadrix.app\Contents\Resources\apple_emojis\bilardo.png (3 KB)
[2026-03-01 11:16:16]: Removed: Quadrix.app\Contents\Resources\apple_emojis\bilgi-desk-kişi-1.png (6 KB)
[2026-03-01 11:16:16]: Removed: Quadrix.app\Contents\Resources\apple_emojis\bilgi-desk-kişi-10.png (7 KB)
[2026-03-01 11:16:16]: Removed: Quadrix.app\Contents\Resources\apple_emojis\bilgi-desk-kişi-11.png (6 KB)
[2026-03-01 11:16:16]: Removed: Quadrix.app\Contents\Resources\apple_emojis\bilgi-desk-kişi-12.png (6 KB)
[2026-03-01 11:16:16]: Removed: Quadrix.app\Contents\Resources\apple_emojis\bilgi-desk-kişi-13.png (7 KB)
[2026-03-01 11:16:16]: Removed: Quadrix.app\Contents\Resources\apple_emojis\bilgi-desk-kişi-14.png (7 KB)
[2026-03-01 11:16:16]: Removed: Quadrix.app\Contents\Resources\apple_emojis\bilgi-desk-kişi-15.png (6 KB)
[2026-03-01 11:16:16]: Removed: Quadrix.app\Contents\Resources\apple_emojis\bilgi-desk-kişi-16.png (6 KB)
[2026-03-01 11:16:16]: Removed: Quadrix.app\Contents\Resources\apple_emojis\bilgi-desk-kişi-17.png (7 KB)
[2026-03-01 11:16:16]: Removed: Quadrix.app\Contents\Resources\apple_emojis\bilgi-desk-kişi-2.png (6 KB)
[2026-03-01 11:16:16]: Removed: Quadrix.app\Contents\Resources\apple_emojis\bilgi-desk-kişi-3.png (6 KB)
[2026-03-01 11:16:16]: Removed: Quadrix.app\Contents\Resources\apple_emojis\bilgi-desk-kişi-4.png (7 KB)
[2026-03-01 11:16:16]: Removed: Quadrix.app\Contents\Resources\apple_emojis\bilgi-desk-kişi-5.png (6 KB)
[2026-03-01 11:16:16]: Removed: Quadrix.app\Contents\Resources\apple_emojis\bilgi-desk-kişi-6.png (6 KB)
[2026-03-01 11:16:16]: Removed: Quadrix.app\Contents\Resources\apple_emojis\bilgi-desk-kişi-7.png (6 KB)
[2026-03-01 11:16:16]: Removed: Quadrix.app\Contents\Resources\apple_emojis\bilgi-desk-kişi-8.png (6 KB)
[2026-03-01 11:16:16]: Removed: Quadrix.app\Contents\Resources\apple_emojis\bilgi-desk-kişi-9.png (7 KB)
[2026-03-01 11:16:16]: Removed: Quadrix.app\Contents\Resources\apple_emojis\bilgi-desk-kişi.png (5 KB)
[2026-03-01 11:16:16]: Removed: Quadrix.app\Contents\Resources\apple_emojis\bilgi-kaynak.png (3 KB)
[2026-03-01 11:16:16]: Removed: Quadrix.app\Contents\Resources\apple_emojis\billed-cap.png (4 KB)
[2026-03-01 11:16:16]: Removed: Quadrix.app\Contents\Resources\apple_emojis\biohazard-işaret.png (5 KB)
[2026-03-01 11:16:16]: Removed: Quadrix.app\Contents\Resources\apple_emojis\bira.png (7 KB)
[2026-03-01 11:16:16]: Removed: Quadrix.app\Contents\Resources\apple_emojis\biralar.png (7 KB)
[2026-03-01 11:16:16]: Removed: Quadrix.app\Contents\Resources\apple_emojis\bisiklet.png (7 KB)
[2026-03-01 11:16:16]: Removed: Quadrix.app\Contents\Resources\apple_emojis\bison.png (6 KB)
[2026-03-01 11:16:16]: Removed: Quadrix.app\Contents\Resources\apple_emojis\bitiş-ile-leftwards-ok-above.png (2 KB)
[2026-03-01 11:16:16]: Removed: Quadrix.app\Contents\Resources\apple_emojis\biting-lip.png (4 KB)
[2026-03-01 11:16:16]: Removed: Quadrix.app\Contents\Resources\apple_emojis\bitkin-kedi-yüz.png (8 KB)
[2026-03-01 11:16:16]: Removed: Quadrix.app\Contents\Resources\apple_emojis\bitkin-yüz.png (7 KB)
[2026-03-01 11:16:16]: Removed: Quadrix.app\Contents\Resources\apple_emojis\blueberries.png (7 KB)
[2026-03-01 11:16:16]: Removed: Quadrix.app\Contents\Resources\apple_emojis\boks-eldiveni.png (5 KB)
[2026-03-01 11:16:16]: Removed: Quadrix.app\Contents\Resources\apple_emojis\bomb.png (6 KB)
[2026-03-01 11:16:16]: Removed: Quadrix.app\Contents\Resources\apple_emojis\boomerang.png (4 KB)
[2026-03-01 11:16:16]: Removed: Quadrix.app\Contents\Resources\apple_emojis\bowling.png (7 KB)
[2026-03-01 11:16:16]: Removed: Quadrix.app\Contents\Resources\apple_emojis\boy-1.png (7 KB)
[2026-03-01 11:16:16]: Removed: Quadrix.app\Contents\Resources\apple_emojis\boy-2.png (6 KB)
[2026-03-01 11:16:16]: Removed: Quadrix.app\Contents\Resources\apple_emojis\boy-3.png (7 KB)
[2026-03-01 11:16:16]: Removed: Quadrix.app\Contents\Resources\apple_emojis\boy-4.png (7 KB)
[2026-03-01 11:16:16]: Removed: Quadrix.app\Contents\Resources\apple_emojis\boy-5.png (7 KB)
[2026-03-01 11:16:16]: Removed: Quadrix.app\Contents\Resources\apple_emojis\boy.png (7 KB)
[2026-03-01 11:16:16]: Removed: Quadrix.app\Contents\Resources\apple_emojis\brain.png (7 KB)
[2026-03-01 11:16:16]: Removed: Quadrix.app\Contents\Resources\apple_emojis\breast-feeding-1.png (6 KB)
[2026-03-01 11:16:16]: Removed: Quadrix.app\Contents\Resources\apple_emojis\breast-feeding-2.png (6 KB)
[2026-03-01 11:16:16]: Removed: Quadrix.app\Contents\Resources\apple_emojis\breast-feeding-3.png (7 KB)
[2026-03-01 11:16:16]: Removed: Quadrix.app\Contents\Resources\apple_emojis\breast-feeding-4.png (6 KB)
[2026-03-01 11:16:16]: Removed: Quadrix.app\Contents\Resources\apple_emojis\breast-feeding-5.png (7 KB)
[2026-03-01 11:16:16]: Removed: Quadrix.app\Contents\Resources\apple_emojis\breast-feeding.png (6 KB)
[2026-03-01 11:16:16]: Removed: Quadrix.app\Contents\Resources\apple_emojis\brezilya-bayrağı.png (4 KB)
[2026-03-01 11:16:16]: Removed: Quadrix.app\Contents\Resources\apple_emojis\brick.png (6 KB)
[2026-03-01 11:16:16]: Removed: Quadrix.app\Contents\Resources\apple_emojis\bride-ile-veil-1.png (8 KB)
[2026-03-01 11:16:16]: Removed: Quadrix.app\Contents\Resources\apple_emojis\bride-ile-veil-10.png (8 KB)
[2026-03-01 11:16:16]: Removed: Quadrix.app\Contents\Resources\apple_emojis\bride-ile-veil-11.png (8 KB)
[2026-03-01 11:16:16]: Removed: Quadrix.app\Contents\Resources\apple_emojis\bride-ile-veil-12.png (7 KB)
[2026-03-01 11:16:16]: Removed: Quadrix.app\Contents\Resources\apple_emojis\bride-ile-veil-13.png (7 KB)
[2026-03-01 11:16:16]: Removed: Quadrix.app\Contents\Resources\apple_emojis\bride-ile-veil-14.png (7 KB)
[2026-03-01 11:16:16]: Removed: Quadrix.app\Contents\Resources\apple_emojis\bride-ile-veil-15.png (7 KB)
[2026-03-01 11:16:16]: Removed: Quadrix.app\Contents\Resources\apple_emojis\bride-ile-veil-16.png (8 KB)
[2026-03-01 11:16:16]: Removed: Quadrix.app\Contents\Resources\apple_emojis\bride-ile-veil-17.png (8 KB)
[2026-03-01 11:16:16]: Removed: Quadrix.app\Contents\Resources\apple_emojis\bride-ile-veil-2.png (7 KB)
[2026-03-01 11:16:16]: Removed: Quadrix.app\Contents\Resources\apple_emojis\bride-ile-veil-3.png (7 KB)
[2026-03-01 11:16:16]: Removed: Quadrix.app\Contents\Resources\apple_emojis\bride-ile-veil-4.png (7 KB)
[2026-03-01 11:16:16]: Removed: Quadrix.app\Contents\Resources\apple_emojis\bride-ile-veil-5.png (7 KB)
[2026-03-01 11:16:16]: Removed: Quadrix.app\Contents\Resources\apple_emojis\bride-ile-veil-6.png (7 KB)
[2026-03-01 11:16:16]: Removed: Quadrix.app\Contents\Resources\apple_emojis\bride-ile-veil-7.png (7 KB)
[2026-03-01 11:16:16]: Removed: Quadrix.app\Contents\Resources\apple_emojis\bride-ile-veil-8.png (7 KB)
[2026-03-01 11:16:16]: Removed: Quadrix.app\Contents\Resources\apple_emojis\bride-ile-veil-9.png (7 KB)
[2026-03-01 11:16:16]: Removed: Quadrix.app\Contents\Resources\apple_emojis\bride-ile-veil.png (8 KB)
[2026-03-01 11:16:16]: Removed: Quadrix.app\Contents\Resources\apple_emojis\bridge-at-night.png (6 KB)
[2026-03-01 11:16:16]: Removed: Quadrix.app\Contents\Resources\apple_emojis\briefs.png (3 KB)
[2026-03-01 11:16:16]: Removed: Quadrix.app\Contents\Resources\apple_emojis\brokoli.png (8 KB)
[2026-03-01 11:16:16]: Removed: Quadrix.app\Contents\Resources\apple_emojis\broom.png (4 KB)
[2026-03-01 11:16:16]: Removed: Quadrix.app\Contents\Resources\apple_emojis\bubble-tea.png (5 KB)
[2026-03-01 11:16:16]: Removed: Quadrix.app\Contents\Resources\apple_emojis\bubbles.png (7 KB)
[2026-03-01 11:16:16]: Removed: Quadrix.app\Contents\Resources\apple_emojis\bucket.png (7 KB)
[2026-03-01 11:16:16]: Removed: Quadrix.app\Contents\Resources\apple_emojis\buhar-locomotive.png (7 KB)
[2026-03-01 11:16:16]: Removed: Quadrix.app\Contents\Resources\apple_emojis\building-inşaat.png (6 KB)
[2026-03-01 11:16:16]: Removed: Quadrix.app\Contents\Resources\apple_emojis\buket.png (9 KB)
[2026-03-01 11:16:16]: Removed: Quadrix.app\Contents\Resources\apple_emojis\bulut-ile-kar.png (6 KB)
[2026-03-01 11:16:16]: Removed: Quadrix.app\Contents\Resources\apple_emojis\bulut-varyasyon-2601-fe0f.png (4 KB)
[2026-03-01 11:16:16]: Removed: Quadrix.app\Contents\Resources\apple_emojis\bulutlu-güneş.png (5 KB)
[2026-03-01 11:16:16]: Removed: Quadrix.app\Contents\Resources\apple_emojis\burrito.png (7 KB)
[2026-03-01 11:16:16]: Removed: Quadrix.app\Contents\Resources\apple_emojis\burun-1.png (3 KB)
[2026-03-01 11:16:16]: Removed: Quadrix.app\Contents\Resources\apple_emojis\burun-2.png (3 KB)
[2026-03-01 11:16:16]: Removed: Quadrix.app\Contents\Resources\apple_emojis\burun-3.png (3 KB)
[2026-03-01 11:16:16]: Removed: Quadrix.app\Contents\Resources\apple_emojis\burun-4.png (3 KB)
[2026-03-01 11:16:16]: Removed: Quadrix.app\Contents\Resources\apple_emojis\burun-5.png (4 KB)
[2026-03-01 11:16:16]: Removed: Quadrix.app\Contents\Resources\apple_emojis\burun.png (3 KB)
[2026-03-01 11:16:16]: Removed: Quadrix.app\Contents\Resources\apple_emojis\bust-in-silhouette.png (3 KB)
[2026-03-01 11:16:16]: Removed: Quadrix.app\Contents\Resources\apple_emojis\busts-in-silhouette.png (4 KB)
[2026-03-01 11:16:16]: Removed: Quadrix.app\Contents\Resources\apple_emojis\but-1.png (3 KB)
[2026-03-01 11:16:16]: Removed: Quadrix.app\Contents\Resources\apple_emojis\but-2.png (3 KB)
[2026-03-01 11:16:16]: Removed: Quadrix.app\Contents\Resources\apple_emojis\but-3.png (3 KB)
[2026-03-01 11:16:16]: Removed: Quadrix.app\Contents\Resources\apple_emojis\but-4.png (3 KB)
[2026-03-01 11:16:16]: Removed: Quadrix.app\Contents\Resources\apple_emojis\but-5.png (3 KB)
[2026-03-01 11:16:16]: Removed: Quadrix.app\Contents\Resources\apple_emojis\but.png (3 KB)
[2026-03-01 11:16:16]: Removed: Quadrix.app\Contents\Resources\apple_emojis\butter.png (4 KB)
[2026-03-01 11:16:16]: Removed: Quadrix.app\Contents\Resources\apple_emojis\buz-hokey-stick-and-puck.png (4 KB)
[2026-03-01 11:16:16]: Removed: Quadrix.app\Contents\Resources\apple_emojis\buz-kaymak.png (6 KB)
[2026-03-01 11:16:16]: Removed: Quadrix.app\Contents\Resources\apple_emojis\buz-krema.png (7 KB)
[2026-03-01 11:16:16]: Removed: Quadrix.app\Contents\Resources\apple_emojis\buzlu-içecek.png (6 KB)
[2026-03-01 11:16:16]: Removed: Quadrix.app\Contents\Resources\apple_emojis\cıvata.png (6 KB)
[2026-03-01 11:16:16]: Removed: Quadrix.app\Contents\Resources\apple_emojis\call-me-el-1.png (4 KB)
[2026-03-01 11:16:16]: Removed: Quadrix.app\Contents\Resources\apple_emojis\call-me-el-2.png (4 KB)
[2026-03-01 11:16:16]: Removed: Quadrix.app\Contents\Resources\apple_emojis\call-me-el-3.png (4 KB)
[2026-03-01 11:16:16]: Removed: Quadrix.app\Contents\Resources\apple_emojis\call-me-el-4.png (4 KB)
[2026-03-01 11:16:16]: Removed: Quadrix.app\Contents\Resources\apple_emojis\call-me-el-5.png (4 KB)
[2026-03-01 11:16:16]: Removed: Quadrix.app\Contents\Resources\apple_emojis\call-me-el.png (5 KB)
[2026-03-01 11:16:16]: Removed: Quadrix.app\Contents\Resources\apple_emojis\camping.png (6 KB)
[2026-03-01 11:16:16]: Removed: Quadrix.app\Contents\Resources\apple_emojis\cancer.png (5 KB)
[2026-03-01 11:16:16]: Removed: Quadrix.app\Contents\Resources\apple_emojis\canned-yiyecek.png (5 KB)
[2026-03-01 11:16:16]: Removed: Quadrix.app\Contents\Resources\apple_emojis\capricorn.png (4 KB)
[2026-03-01 11:16:16]: Removed: Quadrix.app\Contents\Resources\apple_emojis\carousel-horse.png (8 KB)
[2026-03-01 11:16:16]: Removed: Quadrix.app\Contents\Resources\apple_emojis\carp-streamer.png (8 KB)
[2026-03-01 11:16:16]: Removed: Quadrix.app\Contents\Resources\apple_emojis\carpentry-saw.png (4 KB)
[2026-03-01 11:16:16]: Removed: Quadrix.app\Contents\Resources\apple_emojis\cd.png (7 KB)
[2026-03-01 11:16:16]: Removed: Quadrix.app\Contents\Resources\apple_emojis\cep-telefonu.png (4 KB)
[2026-03-01 11:16:16]: Removed: Quadrix.app\Contents\Resources\apple_emojis\chains-1.png (6 KB)
[2026-03-01 11:16:16]: Removed: Quadrix.app\Contents\Resources\apple_emojis\chains.png (8 KB)
[2026-03-01 11:16:16]: Removed: Quadrix.app\Contents\Resources\apple_emojis\chair.png (4 KB)
[2026-03-01 11:16:16]: Removed: Quadrix.app\Contents\Resources\apple_emojis\cheering-megaphone.png (6 KB)
[2026-03-01 11:16:16]: Removed: Quadrix.app\Contents\Resources\apple_emojis\chequered-bayraklı.png (3 KB)
[2026-03-01 11:16:16]: Removed: Quadrix.app\Contents\Resources\apple_emojis\child-1.png (7 KB)
[2026-03-01 11:16:16]: Removed: Quadrix.app\Contents\Resources\apple_emojis\child-2.png (6 KB)
[2026-03-01 11:16:16]: Removed: Quadrix.app\Contents\Resources\apple_emojis\child-3.png (7 KB)
[2026-03-01 11:16:16]: Removed: Quadrix.app\Contents\Resources\apple_emojis\child-4.png (7 KB)
[2026-03-01 11:16:16]: Removed: Quadrix.app\Contents\Resources\apple_emojis\child-5.png (7 KB)
[2026-03-01 11:16:16]: Removed: Quadrix.app\Contents\Resources\apple_emojis\child.png (7 KB)
[2026-03-01 11:16:16]: Removed: Quadrix.app\Contents\Resources\apple_emojis\children-crossing.png (4 KB)
[2026-03-01 11:16:16]: Removed: Quadrix.app\Contents\Resources\apple_emojis\christmas-ağaç.png (6 KB)
[2026-03-01 11:16:16]: Removed: Quadrix.app\Contents\Resources\apple_emojis\church.png (6 KB)
[2026-03-01 11:16:16]: Removed: Quadrix.app\Contents\Resources\apple_emojis\cinema.png (4 KB)
[2026-03-01 11:16:16]: Removed: Quadrix.app\Contents\Resources\apple_emojis\circled-ideograph-accept.png (4 KB)
[2026-03-01 11:16:16]: Removed: Quadrix.app\Contents\Resources\apple_emojis\circled-ideograph-advantage.png (5 KB)
[2026-03-01 11:16:16]: Removed: Quadrix.app\Contents\Resources\apple_emojis\circled-ideograph-congratulation.png (5 KB)
[2026-03-01 11:16:16]: Removed: Quadrix.app\Contents\Resources\apple_emojis\circled-ideograph-secret.png (5 KB)
[2026-03-01 11:16:16]: Removed: Quadrix.app\Contents\Resources\apple_emojis\circled-latin-büyük-harf-m.png (4 KB)
[2026-03-01 11:16:16]: Removed: Quadrix.app\Contents\Resources\apple_emojis\circus-tent.png (7 KB)
[2026-03-01 11:16:16]: Removed: Quadrix.app\Contents\Resources\apple_emojis\cityscape-at-dusk.png (6 KB)
[2026-03-01 11:16:16]: Removed: Quadrix.app\Contents\Resources\apple_emojis\cityscape.png (5 KB)
[2026-03-01 11:16:16]: Removed: Quadrix.app\Contents\Resources\apple_emojis\civciv-yavrusu.png (6 KB)
[2026-03-01 11:16:16]: Removed: Quadrix.app\Contents\Resources\apple_emojis\civciv.png (4 KB)
[2026-03-01 11:16:16]: Removed: Quadrix.app\Contents\Resources\apple_emojis\clapping-hands-işaret-1.png (5 KB)
[2026-03-01 11:16:16]: Removed: Quadrix.app\Contents\Resources\apple_emojis\clapping-hands-işaret-2.png (5 KB)
[2026-03-01 11:16:16]: Removed: Quadrix.app\Contents\Resources\apple_emojis\clapping-hands-işaret-3.png (6 KB)
[2026-03-01 11:16:16]: Removed: Quadrix.app\Contents\Resources\apple_emojis\clapping-hands-işaret-4.png (5 KB)
[2026-03-01 11:16:16]: Removed: Quadrix.app\Contents\Resources\apple_emojis\clapping-hands-işaret-5.png (6 KB)
[2026-03-01 11:16:16]: Removed: Quadrix.app\Contents\Resources\apple_emojis\clapping-hands-işaret.png (7 KB)
[2026-03-01 11:16:16]: Removed: Quadrix.app\Contents\Resources\apple_emojis\classical-building.png (6 KB)
[2026-03-01 11:16:16]: Removed: Quadrix.app\Contents\Resources\apple_emojis\clock-yüz-dört-oclock.png (6 KB)
[2026-03-01 11:16:16]: Removed: Quadrix.app\Contents\Resources\apple_emojis\clock-yüz-eight-oclock.png (6 KB)
[2026-03-01 11:16:16]: Removed: Quadrix.app\Contents\Resources\apple_emojis\clock-yüz-eight-thirty.png (6 KB)
[2026-03-01 11:16:16]: Removed: Quadrix.app\Contents\Resources\apple_emojis\clock-yüz-eleven-oclock.png (6 KB)
[2026-03-01 11:16:16]: Removed: Quadrix.app\Contents\Resources\apple_emojis\clock-yüz-eleven-thirty.png (6 KB)
[2026-03-01 11:16:16]: Removed: Quadrix.app\Contents\Resources\apple_emojis\clock-yüz-five-oclock.png (6 KB)
[2026-03-01 11:16:16]: Removed: Quadrix.app\Contents\Resources\apple_emojis\clock-yüz-five-thirty.png (6 KB)
[2026-03-01 11:16:16]: Removed: Quadrix.app\Contents\Resources\apple_emojis\clock-yüz-four-thirty.png (6 KB)
[2026-03-01 11:16:16]: Removed: Quadrix.app\Contents\Resources\apple_emojis\clock-yüz-nine-oclock.png (6 KB)
[2026-03-01 11:16:16]: Removed: Quadrix.app\Contents\Resources\apple_emojis\clock-yüz-nine-thirty.png (6 KB)
[2026-03-01 11:16:16]: Removed: Quadrix.app\Contents\Resources\apple_emojis\clock-yüz-one-oclock.png (6 KB)
[2026-03-01 11:16:16]: Removed: Quadrix.app\Contents\Resources\apple_emojis\clock-yüz-one-thirty.png (6 KB)
[2026-03-01 11:16:16]: Removed: Quadrix.app\Contents\Resources\apple_emojis\clock-yüz-seven-oclock.png (6 KB)
[2026-03-01 11:16:16]: Removed: Quadrix.app\Contents\Resources\apple_emojis\clock-yüz-seven-thirty.png (6 KB)
[2026-03-01 11:16:16]: Removed: Quadrix.app\Contents\Resources\apple_emojis\clock-yüz-six-oclock.png (6 KB)
[2026-03-01 11:16:16]: Removed: Quadrix.app\Contents\Resources\apple_emojis\clock-yüz-six-thirty.png (6 KB)
[2026-03-01 11:16:16]: Removed: Quadrix.app\Contents\Resources\apple_emojis\clock-yüz-ten-oclock.png (6 KB)
[2026-03-01 11:16:16]: Removed: Quadrix.app\Contents\Resources\apple_emojis\clock-yüz-ten-thirty.png (6 KB)
[2026-03-01 11:16:16]: Removed: Quadrix.app\Contents\Resources\apple_emojis\clock-yüz-three-oclock.png (6 KB)
[2026-03-01 11:16:16]: Removed: Quadrix.app\Contents\Resources\apple_emojis\clock-yüz-three-thirty.png (6 KB)
[2026-03-01 11:16:16]: Removed: Quadrix.app\Contents\Resources\apple_emojis\clock-yüz-twelve-oclock.png (6 KB)
[2026-03-01 11:16:16]: Removed: Quadrix.app\Contents\Resources\apple_emojis\clock-yüz-twelve-thirty.png (6 KB)
[2026-03-01 11:16:16]: Removed: Quadrix.app\Contents\Resources\apple_emojis\clock-yüz-two-oclock.png (6 KB)
[2026-03-01 11:16:16]: Removed: Quadrix.app\Contents\Resources\apple_emojis\clock-yüz-two-thirty.png (6 KB)
[2026-03-01 11:16:16]: Removed: Quadrix.app\Contents\Resources\apple_emojis\coat.png (6 KB)
[2026-03-01 11:16:16]: Removed: Quadrix.app\Contents\Resources\apple_emojis\coffin.png (6 KB)
[2026-03-01 11:16:16]: Removed: Quadrix.app\Contents\Resources\apple_emojis\compass.png (8 KB)
[2026-03-01 11:16:16]: Removed: Quadrix.app\Contents\Resources\apple_emojis\compression.png (6 KB)
[2026-03-01 11:16:16]: Removed: Quadrix.app\Contents\Resources\apple_emojis\confetti-top.png (8 KB)
[2026-03-01 11:16:16]: Removed: Quadrix.app\Contents\Resources\apple_emojis\confused-yüz.png (6 KB)
[2026-03-01 11:16:16]: Removed: Quadrix.app\Contents\Resources\apple_emojis\convenience-store.png (6 KB)
[2026-03-01 11:16:16]: Removed: Quadrix.app\Contents\Resources\apple_emojis\cooked-pirinç.png (7 KB)
[2026-03-01 11:16:16]: Removed: Quadrix.app\Contents\Resources\apple_emojis\copyright-işaret.png (3 KB)
[2026-03-01 11:16:16]: Removed: Quadrix.app\Contents\Resources\apple_emojis\coral.png (8 KB)
[2026-03-01 11:16:16]: Removed: Quadrix.app\Contents\Resources\apple_emojis\couch-and-lamp.png (5 KB)
[2026-03-01 11:16:16]: Removed: Quadrix.app\Contents\Resources\apple_emojis\couple-ile-kalp-1.png (7 KB)
[2026-03-01 11:16:16]: Removed: Quadrix.app\Contents\Resources\apple_emojis\couple-ile-kalp-2.png (7 KB)
[2026-03-01 11:16:16]: Removed: Quadrix.app\Contents\Resources\apple_emojis\couple-ile-kalp-3.png (7 KB)
[2026-03-01 11:16:16]: Removed: Quadrix.app\Contents\Resources\apple_emojis\couple-ile-kalp-4.png (7 KB)
[2026-03-01 11:16:16]: Removed: Quadrix.app\Contents\Resources\apple_emojis\couple-ile-kalp-5.png (7 KB)
[2026-03-01 11:16:16]: Removed: Quadrix.app\Contents\Resources\apple_emojis\couple-ile-kalp.png (7 KB)
[2026-03-01 11:16:16]: Removed: Quadrix.app\Contents\Resources\apple_emojis\cross-işaret.png (2 KB)
[2026-03-01 11:16:16]: Removed: Quadrix.app\Contents\Resources\apple_emojis\crossed-flags.png (6 KB)
[2026-03-01 11:16:16]: Removed: Quadrix.app\Contents\Resources\apple_emojis\crown.png (7 KB)
[2026-03-01 11:16:16]: Removed: Quadrix.app\Contents\Resources\apple_emojis\crutch.png (4 KB)
[2026-03-01 11:16:16]: Removed: Quadrix.app\Contents\Resources\apple_emojis\crystal-top.png (8 KB)
[2026-03-01 11:16:16]: Removed: Quadrix.app\Contents\Resources\apple_emojis\curly-loop.png (2 KB)
[2026-03-01 11:16:16]: Removed: Quadrix.app\Contents\Resources\apple_emojis\currency-exchange.png (2 KB)
[2026-03-01 11:16:16]: Removed: Quadrix.app\Contents\Resources\apple_emojis\customs.png (4 KB)
[2026-03-01 11:16:16]: Removed: Quadrix.app\Contents\Resources\apple_emojis\dökülen-sıvı.png (5 KB)
[2026-03-01 11:16:16]: Removed: Quadrix.app\Contents\Resources\apple_emojis\dönen-kalpler.png (5 KB)
[2026-03-01 11:16:16]: Removed: Quadrix.app\Contents\Resources\apple_emojis\dönen-symbol.png (5 KB)
[2026-03-01 11:16:16]: Removed: Quadrix.app\Contents\Resources\apple_emojis\dönen-yüz-1.png (7 KB)
[2026-03-01 11:16:16]: Removed: Quadrix.app\Contents\Resources\apple_emojis\dönen-yüz.png (7 KB)
[2026-03-01 11:16:16]: Removed: Quadrix.app\Contents\Resources\apple_emojis\dört-yapraklı-yonca.png (7 KB)
[2026-03-01 11:16:16]: Removed: Quadrix.app\Contents\Resources\apple_emojis\dövüş-sanatları.png (6 KB)
[2026-03-01 11:16:16]: Removed: Quadrix.app\Contents\Resources\apple_emojis\düşünen-yüz.png (7 KB)
[2026-03-01 11:16:16]: Removed: Quadrix.app\Contents\Resources\apple_emojis\düşen-yaprak.png (6 KB)
[2026-03-01 11:16:16]: Removed: Quadrix.app\Contents\Resources\apple_emojis\dünya-ile-meridyenler.png (8 KB)
[2026-03-01 11:16:16]: Removed: Quadrix.app\Contents\Resources\apple_emojis\düz-cetvel.png (4 KB)
[2026-03-01 11:16:16]: Removed: Quadrix.app\Contents\Resources\apple_emojis\dağ-bicyclist-1.png (10 KB)
[2026-03-01 11:16:16]: Removed: Quadrix.app\Contents\Resources\apple_emojis\dağ-bicyclist-10.png (10 KB)
[2026-03-01 11:16:16]: Removed: Quadrix.app\Contents\Resources\apple_emojis\dağ-bicyclist-11.png (10 KB)
[2026-03-01 11:16:16]: Removed: Quadrix.app\Contents\Resources\apple_emojis\dağ-bicyclist-12.png (10 KB)
[2026-03-01 11:16:16]: Removed: Quadrix.app\Contents\Resources\apple_emojis\dağ-bicyclist-13.png (10 KB)
[2026-03-01 11:16:16]: Removed: Quadrix.app\Contents\Resources\apple_emojis\dağ-bicyclist-14.png (10 KB)
[2026-03-01 11:16:16]: Removed: Quadrix.app\Contents\Resources\apple_emojis\dağ-bicyclist-15.png (10 KB)
[2026-03-01 11:16:16]: Removed: Quadrix.app\Contents\Resources\apple_emojis\dağ-bicyclist-16.png (10 KB)
[2026-03-01 11:16:16]: Removed: Quadrix.app\Contents\Resources\apple_emojis\dağ-bicyclist-17.png (10 KB)
[2026-03-01 11:16:16]: Removed: Quadrix.app\Contents\Resources\apple_emojis\dağ-bicyclist-2.png (10 KB)
[2026-03-01 11:16:16]: Removed: Quadrix.app\Contents\Resources\apple_emojis\dağ-bicyclist-3.png (10 KB)
[2026-03-01 11:16:16]: Removed: Quadrix.app\Contents\Resources\apple_emojis\dağ-bicyclist-4.png (10 KB)
[2026-03-01 11:16:16]: Removed: Quadrix.app\Contents\Resources\apple_emojis\dağ-bicyclist-5.png (10 KB)
[2026-03-01 11:16:16]: Removed: Quadrix.app\Contents\Resources\apple_emojis\dağ-bicyclist-6.png (10 KB)
[2026-03-01 11:16:16]: Removed: Quadrix.app\Contents\Resources\apple_emojis\dağ-bicyclist-7.png (10 KB)
[2026-03-01 11:16:16]: Removed: Quadrix.app\Contents\Resources\apple_emojis\dağ-bicyclist-8.png (10 KB)
[2026-03-01 11:16:16]: Removed: Quadrix.app\Contents\Resources\apple_emojis\dağ-bicyclist-9.png (10 KB)
[2026-03-01 11:16:16]: Removed: Quadrix.app\Contents\Resources\apple_emojis\dağ-bicyclist.png (10 KB)
[2026-03-01 11:16:16]: Removed: Quadrix.app\Contents\Resources\apple_emojis\dağ-demiryolu.png (7 KB)
[2026-03-01 11:16:16]: Removed: Quadrix.app\Contents\Resources\apple_emojis\dağ-telefon-hattı.png (6 KB)
[2026-03-01 11:16:16]: Removed: Quadrix.app\Contents\Resources\apple_emojis\dağ.png (6 KB)
[2026-03-01 11:16:16]: Removed: Quadrix.app\Contents\Resources\apple_emojis\dalgın-yüz.png (6 KB)
[2026-03-01 11:16:16]: Removed: Quadrix.app\Contents\Resources\apple_emojis\dalga.png (7 KB)
[2026-03-01 11:16:16]: Removed: Quadrix.app\Contents\Resources\apple_emojis\damlacık.png (4 KB)
[2026-03-01 11:16:16]: Removed: Quadrix.app\Contents\Resources\apple_emojis\dancer-1.png (7 KB)
[2026-03-01 11:16:16]: Removed: Quadrix.app\Contents\Resources\apple_emojis\dancer-2.png (7 KB)
[2026-03-01 11:16:16]: Removed: Quadrix.app\Contents\Resources\apple_emojis\dancer-3.png (7 KB)
[2026-03-01 11:16:16]: Removed: Quadrix.app\Contents\Resources\apple_emojis\dancer-4.png (7 KB)
[2026-03-01 11:16:16]: Removed: Quadrix.app\Contents\Resources\apple_emojis\dancer-5.png (7 KB)
[2026-03-01 11:16:16]: Removed: Quadrix.app\Contents\Resources\apple_emojis\dancer.png (7 KB)
[2026-03-01 11:16:16]: Removed: Quadrix.app\Contents\Resources\apple_emojis\dango.png (5 KB)
[2026-03-01 11:16:16]: Removed: Quadrix.app\Contents\Resources\apple_emojis\dark-güneş-gözlüğü.png (3 KB)
[2026-03-01 11:16:16]: Removed: Quadrix.app\Contents\Resources\apple_emojis\dart.png (6 KB)
[2026-03-01 11:16:16]: Removed: Quadrix.app\Contents\Resources\apple_emojis\deaf-kişi-1.png (6 KB)
[2026-03-01 11:16:16]: Removed: Quadrix.app\Contents\Resources\apple_emojis\deaf-kişi-10.png (6 KB)
[2026-03-01 11:16:16]: Removed: Quadrix.app\Contents\Resources\apple_emojis\deaf-kişi-11.png (6 KB)
[2026-03-01 11:16:16]: Removed: Quadrix.app\Contents\Resources\apple_emojis\deaf-kişi-12.png (6 KB)
[2026-03-01 11:16:16]: Removed: Quadrix.app\Contents\Resources\apple_emojis\deaf-kişi-13.png (7 KB)
[2026-03-01 11:16:16]: Removed: Quadrix.app\Contents\Resources\apple_emojis\deaf-kişi-14.png (7 KB)
[2026-03-01 11:16:16]: Removed: Quadrix.app\Contents\Resources\apple_emojis\deaf-kişi-15.png (6 KB)
[2026-03-01 11:16:16]: Removed: Quadrix.app\Contents\Resources\apple_emojis\deaf-kişi-16.png (6 KB)
[2026-03-01 11:16:16]: Removed: Quadrix.app\Contents\Resources\apple_emojis\deaf-kişi-17.png (6 KB)
[2026-03-01 11:16:16]: Removed: Quadrix.app\Contents\Resources\apple_emojis\deaf-kişi-2.png (7 KB)
[2026-03-01 11:16:16]: Removed: Quadrix.app\Contents\Resources\apple_emojis\deaf-kişi-3.png (7 KB)
[2026-03-01 11:16:16]: Removed: Quadrix.app\Contents\Resources\apple_emojis\deaf-kişi-4.png (7 KB)
[2026-03-01 11:16:16]: Removed: Quadrix.app\Contents\Resources\apple_emojis\deaf-kişi-5.png (6 KB)
[2026-03-01 11:16:16]: Removed: Quadrix.app\Contents\Resources\apple_emojis\deaf-kişi-6.png (6 KB)
[2026-03-01 11:16:16]: Removed: Quadrix.app\Contents\Resources\apple_emojis\deaf-kişi-7.png (6 KB)
[2026-03-01 11:16:16]: Removed: Quadrix.app\Contents\Resources\apple_emojis\deaf-kişi-8.png (6 KB)
[2026-03-01 11:16:16]: Removed: Quadrix.app\Contents\Resources\apple_emojis\deaf-kişi-9.png (6 KB)
[2026-03-01 11:16:16]: Removed: Quadrix.app\Contents\Resources\apple_emojis\deaf-kişi.png (6 KB)
[2026-03-01 11:16:16]: Removed: Quadrix.app\Contents\Resources\apple_emojis\deer.png (6 KB)
[2026-03-01 11:16:16]: Removed: Quadrix.app\Contents\Resources\apple_emojis\defter-1.png (6 KB)
[2026-03-01 11:16:16]: Removed: Quadrix.app\Contents\Resources\apple_emojis\defter-ile-süslü-cover.png (6 KB)
[2026-03-01 11:16:16]: Removed: Quadrix.app\Contents\Resources\apple_emojis\defter.png (6 KB)
[2026-03-01 11:16:16]: Removed: Quadrix.app\Contents\Resources\apple_emojis\delik.png (2 KB)
[2026-03-01 11:16:16]: Removed: Quadrix.app\Contents\Resources\apple_emojis\demiryolu-track.png (7 KB)
[2026-03-01 11:16:16]: Removed: Quadrix.app\Contents\Resources\apple_emojis\department-store.png (6 KB)
[2026-03-01 11:16:16]: Removed: Quadrix.app\Contents\Resources\apple_emojis\derelict-house-building.png (8 KB)
[2026-03-01 11:16:16]: Removed: Quadrix.app\Contents\Resources\apple_emojis\desert-island.png (6 KB)
[2026-03-01 11:16:16]: Removed: Quadrix.app\Contents\Resources\apple_emojis\desert.png (5 KB)
[2026-03-01 11:16:16]: Removed: Quadrix.app\Contents\Resources\apple_emojis\digit-dört.png (3 KB)
[2026-03-01 11:16:16]: Removed: Quadrix.app\Contents\Resources\apple_emojis\digit-eight.png (4 KB)
[2026-03-01 11:16:16]: Removed: Quadrix.app\Contents\Resources\apple_emojis\digit-five.png (4 KB)
[2026-03-01 11:16:16]: Removed: Quadrix.app\Contents\Resources\apple_emojis\digit-nine.png (4 KB)
[2026-03-01 11:16:16]: Removed: Quadrix.app\Contents\Resources\apple_emojis\digit-one.png (3 KB)
[2026-03-01 11:16:16]: Removed: Quadrix.app\Contents\Resources\apple_emojis\digit-seven.png (3 KB)
[2026-03-01 11:16:16]: Removed: Quadrix.app\Contents\Resources\apple_emojis\digit-six.png (4 KB)
[2026-03-01 11:16:16]: Removed: Quadrix.app\Contents\Resources\apple_emojis\digit-three.png (4 KB)
[2026-03-01 11:16:16]: Removed: Quadrix.app\Contents\Resources\apple_emojis\digit-two.png (3 KB)
[2026-03-01 11:16:16]: Removed: Quadrix.app\Contents\Resources\apple_emojis\digit-zero.png (4 KB)
[2026-03-01 11:16:16]: Removed: Quadrix.app\Contents\Resources\apple_emojis\dil.png (6 KB)
[2026-03-01 11:16:16]: Removed: Quadrix.app\Contents\Resources\apple_emojis\disappointed-but-rahatlamış-yüz.png (7 KB)
[2026-03-01 11:16:16]: Removed: Quadrix.app\Contents\Resources\apple_emojis\disappointed-yüz.png (6 KB)
[2026-03-01 11:16:16]: Removed: Quadrix.app\Contents\Resources\apple_emojis\disket.png (3 KB)
[2026-03-01 11:16:16]: Removed: Quadrix.app\Contents\Resources\apple_emojis\diving-mask.png (7 KB)
[2026-03-01 11:16:16]: Removed: Quadrix.app\Contents\Resources\apple_emojis\diya-lamp.png (5 KB)
[2026-03-01 11:16:16]: Removed: Quadrix.app\Contents\Resources\apple_emojis\dizüstü-bilgisayar.png (4 KB)
[2026-03-01 11:16:16]: Removed: Quadrix.app\Contents\Resources\apple_emojis\dna-double-helix.png (7 KB)
[2026-03-01 11:16:16]: Removed: Quadrix.app\Contents\Resources\apple_emojis\doğum-günü-pastası.png (7 KB)
[2026-03-01 11:16:16]: Removed: Quadrix.app\Contents\Resources\apple_emojis\do-not-litter-symbol.png (7 KB)
[2026-03-01 11:16:16]: Removed: Quadrix.app\Contents\Resources\apple_emojis\dodo.png (6 KB)
[2026-03-01 11:16:16]: Removed: Quadrix.app\Contents\Resources\apple_emojis\dolar.png (6 KB)
[2026-03-01 11:16:16]: Removed: Quadrix.app\Contents\Resources\apple_emojis\doldurulmuş-yufka.png (7 KB)
[2026-03-01 11:16:16]: Removed: Quadrix.app\Contents\Resources\apple_emojis\dolmakalem.png (6 KB)
[2026-03-01 11:16:16]: Removed: Quadrix.app\Contents\Resources\apple_emojis\dolunay-yüz.png (8 KB)
[2026-03-01 11:16:16]: Removed: Quadrix.app\Contents\Resources\apple_emojis\dolunay.png (7 KB)
[2026-03-01 11:16:16]: Removed: Quadrix.app\Contents\Resources\apple_emojis\domates.png (6 KB)
[2026-03-01 11:16:16]: Removed: Quadrix.app\Contents\Resources\apple_emojis\domuz-burnu.png (5 KB)
[2026-03-01 11:16:16]: Removed: Quadrix.app\Contents\Resources\apple_emojis\domuz-yüzü.png (7 KB)
[2026-03-01 11:16:16]: Removed: Quadrix.app\Contents\Resources\apple_emojis\domuz.png (5 KB)
[2026-03-01 11:16:16]: Removed: Quadrix.app\Contents\Resources\apple_emojis\dondurma.png (5 KB)
[2026-03-01 11:16:16]: Removed: Quadrix.app\Contents\Resources\apple_emojis\donkey.png (5 KB)
[2026-03-01 11:16:16]: Removed: Quadrix.app\Contents\Resources\apple_emojis\door.png (3 KB)
[2026-03-01 11:16:16]: Removed: Quadrix.app\Contents\Resources\apple_emojis\dosya-cabinet.png (4 KB)
[2026-03-01 11:16:16]: Removed: Quadrix.app\Contents\Resources\apple_emojis\dosya-klasör.png (5 KB)
[2026-03-01 11:16:16]: Removed: Quadrix.app\Contents\Resources\apple_emojis\dotted-line-yüz.png (3 KB)
[2026-03-01 11:16:16]: Removed: Quadrix.app\Contents\Resources\apple_emojis\double-ünlem-işaret.png (2 KB)
[2026-03-01 11:16:16]: Removed: Quadrix.app\Contents\Resources\apple_emojis\double-curly-loop.png (2 KB)
[2026-03-01 11:16:16]: Removed: Quadrix.app\Contents\Resources\apple_emojis\double-vertical-çubuk.png (3 KB)
[2026-03-01 11:16:16]: Removed: Quadrix.app\Contents\Resources\apple_emojis\down-pointing-küçük-kırmızı-triangle.png (3 KB)
[2026-03-01 11:16:16]: Removed: Quadrix.app\Contents\Resources\apple_emojis\down-pointing-kırmızı-triangle.png (2 KB)
[2026-03-01 11:16:16]: Removed: Quadrix.app\Contents\Resources\apple_emojis\dress.png (5 KB)
[2026-03-01 11:16:16]: Removed: Quadrix.app\Contents\Resources\apple_emojis\dromedary-deve.png (5 KB)
[2026-03-01 11:16:16]: Removed: Quadrix.app\Contents\Resources\apple_emojis\drop-of-blood.png (3 KB)
[2026-03-01 11:16:16]: Removed: Quadrix.app\Contents\Resources\apple_emojis\drum-ile-drumsticks.png (6 KB)
[2026-03-01 11:16:16]: Removed: Quadrix.app\Contents\Resources\apple_emojis\dvd.png (8 KB)
[2026-03-01 11:16:16]: Removed: Quadrix.app\Contents\Resources\apple_emojis\e-mail-symbol.png (3 KB)
[2026-03-01 11:16:16]: Removed: Quadrix.app\Contents\Resources\apple_emojis\earth-dünya-amerikalar.png (8 KB)
[2026-03-01 11:16:16]: Removed: Quadrix.app\Contents\Resources\apple_emojis\earth-dünya-asia-australia.png (8 KB)
[2026-03-01 11:16:16]: Removed: Quadrix.app\Contents\Resources\apple_emojis\earth-dünya-europe-africa.png (8 KB)
[2026-03-01 11:16:16]: Removed: Quadrix.app\Contents\Resources\apple_emojis\ebegümeci.png (9 KB)
[2026-03-01 11:16:16]: Removed: Quadrix.app\Contents\Resources\apple_emojis\eight-pointed-siyah-yıldız.png (4 KB)
[2026-03-01 11:16:16]: Removed: Quadrix.app\Contents\Resources\apple_emojis\eight-spoked-asterisk.png (3 KB)
[2026-03-01 11:16:16]: Removed: Quadrix.app\Contents\Resources\apple_emojis\ejderha-yüz.png (10 KB)
[2026-03-01 11:16:16]: Removed: Quadrix.app\Contents\Resources\apple_emojis\ejderha.png (9 KB)
[2026-03-01 11:16:16]: Removed: Quadrix.app\Contents\Resources\apple_emojis\eject-symbol.png (3 KB)
[2026-03-01 11:16:16]: Removed: Quadrix.app\Contents\Resources\apple_emojis\ekmek.png (7 KB)
[2026-03-01 11:16:16]: Removed: Quadrix.app\Contents\Resources\apple_emojis\el-feneri.png (6 KB)
[2026-03-01 11:16:16]: Removed: Quadrix.app\Contents\Resources\apple_emojis\el-ile-indeks-and-middle-fingers-crossed-1.png (4 KB)
[2026-03-01 11:16:16]: Removed: Quadrix.app\Contents\Resources\apple_emojis\el-ile-indeks-and-middle-fingers-crossed-2.png (4 KB)
[2026-03-01 11:16:16]: Removed: Quadrix.app\Contents\Resources\apple_emojis\el-ile-indeks-and-middle-fingers-crossed-3.png (4 KB)
[2026-03-01 11:16:16]: Removed: Quadrix.app\Contents\Resources\apple_emojis\el-ile-indeks-and-middle-fingers-crossed-4.png (4 KB)
[2026-03-01 11:16:16]: Removed: Quadrix.app\Contents\Resources\apple_emojis\el-ile-indeks-and-middle-fingers-crossed-5.png (4 KB)
[2026-03-01 11:16:16]: Removed: Quadrix.app\Contents\Resources\apple_emojis\el-ile-indeks-and-middle-fingers-crossed.png (5 KB)
[2026-03-01 11:16:16]: Removed: Quadrix.app\Contents\Resources\apple_emojis\el-ile-indeks-finger-and-thumb-crossed-1.png (4 KB)
[2026-03-01 11:16:16]: Removed: Quadrix.app\Contents\Resources\apple_emojis\el-ile-indeks-finger-and-thumb-crossed-2.png (4 KB)
[2026-03-01 11:16:16]: Removed: Quadrix.app\Contents\Resources\apple_emojis\el-ile-indeks-finger-and-thumb-crossed-3.png (4 KB)
[2026-03-01 11:16:16]: Removed: Quadrix.app\Contents\Resources\apple_emojis\el-ile-indeks-finger-and-thumb-crossed-4.png (4 KB)
[2026-03-01 11:16:16]: Removed: Quadrix.app\Contents\Resources\apple_emojis\el-ile-indeks-finger-and-thumb-crossed-5.png (4 KB)
[2026-03-01 11:16:16]: Removed: Quadrix.app\Contents\Resources\apple_emojis\el-ile-indeks-finger-and-thumb-crossed.png (5 KB)
[2026-03-01 11:16:16]: Removed: Quadrix.app\Contents\Resources\apple_emojis\elektrik-fişi.png (5 KB)
[2026-03-01 11:16:16]: Removed: Quadrix.app\Contents\Resources\apple_emojis\elevator.png (5 KB)
[2026-03-01 11:16:16]: Removed: Quadrix.app\Contents\Resources\apple_emojis\elf-1.png (8 KB)
[2026-03-01 11:16:16]: Removed: Quadrix.app\Contents\Resources\apple_emojis\elf-10.png (6 KB)
[2026-03-01 11:16:16]: Removed: Quadrix.app\Contents\Resources\apple_emojis\elf-11.png (8 KB)
[2026-03-01 11:16:16]: Removed: Quadrix.app\Contents\Resources\apple_emojis\elf-12.png (6 KB)
[2026-03-01 11:16:16]: Removed: Quadrix.app\Contents\Resources\apple_emojis\elf-13.png (8 KB)
[2026-03-01 11:16:16]: Removed: Quadrix.app\Contents\Resources\apple_emojis\elf-14.png (7 KB)
[2026-03-01 11:16:16]: Removed: Quadrix.app\Contents\Resources\apple_emojis\elf-15.png (8 KB)
[2026-03-01 11:16:16]: Removed: Quadrix.app\Contents\Resources\apple_emojis\elf-16.png (8 KB)
[2026-03-01 11:16:16]: Removed: Quadrix.app\Contents\Resources\apple_emojis\elf-17.png (8 KB)
[2026-03-01 11:16:16]: Removed: Quadrix.app\Contents\Resources\apple_emojis\elf-2.png (8 KB)
[2026-03-01 11:16:16]: Removed: Quadrix.app\Contents\Resources\apple_emojis\elf-3.png (8 KB)
[2026-03-01 11:16:16]: Removed: Quadrix.app\Contents\Resources\apple_emojis\elf-4.png (6 KB)
[2026-03-01 11:16:16]: Removed: Quadrix.app\Contents\Resources\apple_emojis\elf-5.png (6 KB)
[2026-03-01 11:16:16]: Removed: Quadrix.app\Contents\Resources\apple_emojis\elf-6.png (7 KB)
[2026-03-01 11:16:16]: Removed: Quadrix.app\Contents\Resources\apple_emojis\elf-7.png (6 KB)
[2026-03-01 11:16:16]: Removed: Quadrix.app\Contents\Resources\apple_emojis\elf-8.png (6 KB)
[2026-03-01 11:16:16]: Removed: Quadrix.app\Contents\Resources\apple_emojis\elf-9.png (8 KB)
[2026-03-01 11:16:16]: Removed: Quadrix.app\Contents\Resources\apple_emojis\elf.png (8 KB)
[2026-03-01 11:16:16]: Removed: Quadrix.app\Contents\Resources\apple_emojis\elmas-şekil-ile-a-dot-inside.png (8 KB)
[2026-03-01 11:16:16]: Removed: Quadrix.app\Contents\Resources\apple_emojis\elmas.png (6 KB)
[2026-03-01 11:16:16]: Removed: Quadrix.app\Contents\Resources\apple_emojis\emoji-component-bald.png (3 KB)
[2026-03-01 11:16:16]: Removed: Quadrix.app\Contents\Resources\apple_emojis\emoji-component-beyaz-hair.png (3 KB)
[2026-03-01 11:16:16]: Removed: Quadrix.app\Contents\Resources\apple_emojis\emoji-component-curly-hair.png (5 KB)
[2026-03-01 11:16:16]: Removed: Quadrix.app\Contents\Resources\apple_emojis\emoji-component-kırmızı-hair.png (3 KB)
[2026-03-01 11:16:16]: Removed: Quadrix.app\Contents\Resources\apple_emojis\emoji-modifier-fitzpatrick-type-1-2.png (1 KB)
[2026-03-01 11:16:16]: Removed: Quadrix.app\Contents\Resources\apple_emojis\emoji-modifier-fitzpatrick-type-3.png (1 KB)
[2026-03-01 11:16:16]: Removed: Quadrix.app\Contents\Resources\apple_emojis\emoji-modifier-fitzpatrick-type-4.png (1 KB)
[2026-03-01 11:16:16]: Removed: Quadrix.app\Contents\Resources\apple_emojis\emoji-modifier-fitzpatrick-type-5.png (1 KB)
[2026-03-01 11:16:16]: Removed: Quadrix.app\Contents\Resources\apple_emojis\emoji-modifier-fitzpatrick-type-6.png (1 KB)
[2026-03-01 11:16:16]: Removed: Quadrix.app\Contents\Resources\apple_emojis\empty-nest.png (5 KB)
[2026-03-01 11:16:16]: Removed: Quadrix.app\Contents\Resources\apple_emojis\endişeli-yüz.png (6 KB)
[2026-03-01 11:16:16]: Removed: Quadrix.app\Contents\Resources\apple_emojis\eski-anahtar.png (5 KB)
[2026-03-01 11:16:16]: Removed: Quadrix.app\Contents\Resources\apple_emojis\esneten-yüz.png (7 KB)
[2026-03-01 11:16:16]: Removed: Quadrix.app\Contents\Resources\apple_emojis\et.png (7 KB)
[2026-03-01 11:16:16]: Removed: Quadrix.app\Contents\Resources\apple_emojis\etiket.png (3 KB)
[2026-03-01 11:16:16]: Removed: Quadrix.app\Contents\Resources\apple_emojis\euro.png (5 KB)
[2026-03-01 11:16:16]: Removed: Quadrix.app\Contents\Resources\apple_emojis\european-castle.png (8 KB)
[2026-03-01 11:16:16]: Removed: Quadrix.app\Contents\Resources\apple_emojis\european-post-office.png (7 KB)
[2026-03-01 11:16:16]: Removed: Quadrix.app\Contents\Resources\apple_emojis\evrak-çantası.png (6 KB)
[2026-03-01 11:16:16]: Removed: Quadrix.app\Contents\Resources\apple_emojis\extraterrestrial-alien.png (6 KB)
[2026-03-01 11:16:16]: Removed: Quadrix.app\Contents\Resources\apple_emojis\eye-1.png (6 KB)
[2026-03-01 11:16:16]: Removed: Quadrix.app\Contents\Resources\apple_emojis\eye.png (6 KB)
[2026-03-01 11:16:16]: Removed: Quadrix.app\Contents\Resources\apple_emojis\eyeglasses.png (4 KB)
[2026-03-01 11:16:16]: Removed: Quadrix.app\Contents\Resources\apple_emojis\fıstık.png (8 KB)
[2026-03-01 11:16:16]: Removed: Quadrix.app\Contents\Resources\apple_emojis\factory.png (7 KB)
[2026-03-01 11:16:16]: Removed: Quadrix.app\Contents\Resources\apple_emojis\fairy-1.png (6 KB)
[2026-03-01 11:16:16]: Removed: Quadrix.app\Contents\Resources\apple_emojis\fairy-10.png (6 KB)
[2026-03-01 11:16:16]: Removed: Quadrix.app\Contents\Resources\apple_emojis\fairy-11.png (6 KB)
[2026-03-01 11:16:16]: Removed: Quadrix.app\Contents\Resources\apple_emojis\fairy-12.png (6 KB)
[2026-03-01 11:16:16]: Removed: Quadrix.app\Contents\Resources\apple_emojis\fairy-13.png (6 KB)
[2026-03-01 11:16:16]: Removed: Quadrix.app\Contents\Resources\apple_emojis\fairy-14.png (6 KB)
[2026-03-01 11:16:16]: Removed: Quadrix.app\Contents\Resources\apple_emojis\fairy-15.png (6 KB)
[2026-03-01 11:16:16]: Removed: Quadrix.app\Contents\Resources\apple_emojis\fairy-16.png (6 KB)
[2026-03-01 11:16:16]: Removed: Quadrix.app\Contents\Resources\apple_emojis\fairy-17.png (6 KB)
[2026-03-01 11:16:16]: Removed: Quadrix.app\Contents\Resources\apple_emojis\fairy-2.png (6 KB)
[2026-03-01 11:16:16]: Removed: Quadrix.app\Contents\Resources\apple_emojis\fairy-3.png (6 KB)
[2026-03-01 11:16:16]: Removed: Quadrix.app\Contents\Resources\apple_emojis\fairy-4.png (6 KB)
[2026-03-01 11:16:16]: Removed: Quadrix.app\Contents\Resources\apple_emojis\fairy-5.png (6 KB)
[2026-03-01 11:16:16]: Removed: Quadrix.app\Contents\Resources\apple_emojis\fairy-6.png (6 KB)
[2026-03-01 11:16:16]: Removed: Quadrix.app\Contents\Resources\apple_emojis\fairy-7.png (6 KB)
[2026-03-01 11:16:16]: Removed: Quadrix.app\Contents\Resources\apple_emojis\fairy-8.png (6 KB)
[2026-03-01 11:16:16]: Removed: Quadrix.app\Contents\Resources\apple_emojis\fairy-9.png (6 KB)
[2026-03-01 11:16:16]: Removed: Quadrix.app\Contents\Resources\apple_emojis\fairy.png (6 KB)
[2026-03-01 11:16:16]: Removed: Quadrix.app\Contents\Resources\apple_emojis\faks.png (4 KB)
[2026-03-01 11:16:16]: Removed: Quadrix.app\Contents\Resources\apple_emojis\falafel.png (6 KB)
[2026-03-01 11:16:16]: Removed: Quadrix.app\Contents\Resources\apple_emojis\family.png (5 KB)
[2026-03-01 11:16:16]: Removed: Quadrix.app\Contents\Resources\apple_emojis\fare-trap.png (7 KB)
[2026-03-01 11:16:16]: Removed: Quadrix.app\Contents\Resources\apple_emojis\fare-varyasyon-1f5b1-fe0f.png (3 KB)
[2026-03-01 11:16:16]: Removed: Quadrix.app\Contents\Resources\apple_emojis\fare-yüzü.png (7 KB)
[2026-03-01 11:16:16]: Removed: Quadrix.app\Contents\Resources\apple_emojis\fare.png (6 KB)
[2026-03-01 11:16:16]: Removed: Quadrix.app\Contents\Resources\apple_emojis\father-christmas-1.png (7 KB)
[2026-03-01 11:16:16]: Removed: Quadrix.app\Contents\Resources\apple_emojis\father-christmas-2.png (7 KB)
[2026-03-01 11:16:16]: Removed: Quadrix.app\Contents\Resources\apple_emojis\father-christmas-3.png (7 KB)
[2026-03-01 11:16:16]: Removed: Quadrix.app\Contents\Resources\apple_emojis\father-christmas-4.png (7 KB)
[2026-03-01 11:16:16]: Removed: Quadrix.app\Contents\Resources\apple_emojis\father-christmas-5.png (7 KB)
[2026-03-01 11:16:16]: Removed: Quadrix.app\Contents\Resources\apple_emojis\father-christmas.png (7 KB)
[2026-03-01 11:16:16]: Removed: Quadrix.app\Contents\Resources\apple_emojis\fencer.png (6 KB)
[2026-03-01 11:16:16]: Removed: Quadrix.app\Contents\Resources\apple_emojis\feribot-varyasyon-26f4-fe0f.png (6 KB)
[2026-03-01 11:16:16]: Removed: Quadrix.app\Contents\Resources\apple_emojis\ferris-wheel.png (9 KB)
[2026-03-01 11:16:16]: Removed: Quadrix.app\Contents\Resources\apple_emojis\fide.png (4 KB)
[2026-03-01 11:16:16]: Removed: Quadrix.app\Contents\Resources\apple_emojis\fil.png (5 KB)
[2026-03-01 11:16:16]: Removed: Quadrix.app\Contents\Resources\apple_emojis\film-frames.png (8 KB)
[2026-03-01 11:16:16]: Removed: Quadrix.app\Contents\Resources\apple_emojis\film-kamerası.png (8 KB)
[2026-03-01 11:16:16]: Removed: Quadrix.app\Contents\Resources\apple_emojis\film-klaket.png (6 KB)
[2026-03-01 11:16:16]: Removed: Quadrix.app\Contents\Resources\apple_emojis\film-projektörü-varyasyon-1f4fd-fe0f.png (8 KB)
[2026-03-01 11:16:16]: Removed: Quadrix.app\Contents\Resources\apple_emojis\fincan-ile-straw.png (4 KB)
[2026-03-01 11:16:16]: Removed: Quadrix.app\Contents\Resources\apple_emojis\fincan.png (7 KB)
[2026-03-01 11:16:16]: Removed: Quadrix.app\Contents\Resources\apple_emojis\firecracker.png (6 KB)
[2026-03-01 11:16:16]: Removed: Quadrix.app\Contents\Resources\apple_emojis\firework-sparkler.png (8 KB)
[2026-03-01 11:16:16]: Removed: Quadrix.app\Contents\Resources\apple_emojis\fireworks.png (7 KB)
[2026-03-01 11:16:16]: Removed: Quadrix.app\Contents\Resources\apple_emojis\fishing-pole-and-balık.png (6 KB)
[2026-03-01 11:16:16]: Removed: Quadrix.app\Contents\Resources\apple_emojis\fisted-el-işaret-1.png (4 KB)
[2026-03-01 11:16:16]: Removed: Quadrix.app\Contents\Resources\apple_emojis\fisted-el-işaret-2.png (4 KB)
[2026-03-01 11:16:16]: Removed: Quadrix.app\Contents\Resources\apple_emojis\fisted-el-işaret-3.png (4 KB)
[2026-03-01 11:16:16]: Removed: Quadrix.app\Contents\Resources\apple_emojis\fisted-el-işaret-4.png (4 KB)
[2026-03-01 11:16:16]: Removed: Quadrix.app\Contents\Resources\apple_emojis\fisted-el-işaret-5.png (4 KB)
[2026-03-01 11:16:16]: Removed: Quadrix.app\Contents\Resources\apple_emojis\fisted-el-işaret.png (5 KB)
[2026-03-01 11:16:16]: Removed: Quadrix.app\Contents\Resources\apple_emojis\flaşlı-fotoğraf-makinesi.png (7 KB)
[2026-03-01 11:16:16]: Removed: Quadrix.app\Contents\Resources\apple_emojis\flamingo.png (4 KB)
[2026-03-01 11:16:16]: Removed: Quadrix.app\Contents\Resources\apple_emojis\flat-shoe.png (3 KB)
[2026-03-01 11:16:16]: Removed: Quadrix.app\Contents\Resources\apple_emojis\fleur-de-lis.png (6 KB)
[2026-03-01 11:16:16]: Removed: Quadrix.app\Contents\Resources\apple_emojis\flexed-biceps-1.png (4 KB)
[2026-03-01 11:16:16]: Removed: Quadrix.app\Contents\Resources\apple_emojis\flexed-biceps-2.png (4 KB)
[2026-03-01 11:16:16]: Removed: Quadrix.app\Contents\Resources\apple_emojis\flexed-biceps-3.png (4 KB)
[2026-03-01 11:16:16]: Removed: Quadrix.app\Contents\Resources\apple_emojis\flexed-biceps-4.png (5 KB)
[2026-03-01 11:16:16]: Removed: Quadrix.app\Contents\Resources\apple_emojis\flexed-biceps-5.png (5 KB)
[2026-03-01 11:16:16]: Removed: Quadrix.app\Contents\Resources\apple_emojis\flexed-biceps.png (4 KB)
[2026-03-01 11:16:16]: ... not all removed files listed above (1000/3886)
[2026-03-01 11:16:16]: Summary: 143 files added (135.85 MB), 82 files changed (23.48 MB), 3886 files removed (123.96 MB)
[2026-03-01 11:16:17]: Uploading new manifest to depot_ingest.discovery.steamserver.net (handle 16536192080436112089, 115242 bytes).
[2026-03-01 11:16:19]: Uploading 166 out of 166 missing chunks.
[2026-03-01 11:16:40]: Success! New manifestID 1439880514978039348 created and 166 new chunks uploaded.
